<?xml version="1.0" encoding="UTF-8"?>
<metadata xml:lang="en"><Esri><CreaDate>20221109</CreaDate><CreaTime>11094800</CreaTime><ArcGISFormat>1.0</ArcGISFormat><SyncOnce>TRUE</SyncOnce><DataProperties><itemProps><itemLocation><linkage Sync="TRUE">file://\\ROG-2021\D$\Mobile_App\commondata\kebun_update_2018\hgu_update_Farid</linkage><protocol Sync="TRUE">Local Area Network</protocol></itemLocation></itemProps><copyHistory><copy source="E:\01_GIS\03_PETA_PERIZINAN\Kebun_Update_2018\hgu_update_Farid" dest="\\ROG-2021\D$\Mobile_App\commondata\kebun_update_2018\hgu_update_Farid" date="20221109" time="11094800"></copy></copyHistory></DataProperties></Esri></metadata>
