<?xml version="1.0"?>
<!--<!DOCTYPE metadata SYSTEM "http://www.esri.com/metadata/esriprof80.dtd">-->
<metadata xml:lang="id"><Esri><CreaDate>20201207</CreaDate><CreaTime>13131000</CreaTime><SyncOnce>FALSE</SyncOnce><DataProperties><lineage><Process ToolSource="C:\Program Files\ArcGIS\ArcToolbox\Toolboxes\Data Management Tools.tbx\DefineProjection" Date="20101101" Time="101334">DefineProjection administrasi_kaltim GEOGCS['GCS_WGS_1984',DATUM['D_WGS_1984',SPHEROID['WGS_1984',6378137.0,298.257223563]],PRIMEM['Greenwich',0.0],UNIT['Degree',0.0174532925199433]] administrasi_kaltim</Process><Process ToolSource="D:\Program Files\ArcGIS\ArcToolbox\Toolboxes\Analysis Tools.tbx\Union" Date="20141217" Time="142902">Union "administrasi_kaltim #;rtkrhldas_bpdasmb_2014_new #" "D:\REVIEW RTkRHL DAS\Hasil\rtkrhldas_bpdasmb_2014_new_Rev.shp" ALL # GAPS</Process><Process ToolSource="D:\Program Files\ArcGIS\ArcToolbox\Toolboxes\Data Management Tools.tbx\Eliminate" Date="20141217" Time="184524">Eliminate rtkrhldas_bpdasmb_2014_new_rev "D:\REVIEW RTkRHL DAS\Hasil\rtkrhldas_BPDASMB14_Rev_Elim.shp" LENGTH # #</Process><Process ToolSource="c:\program files\arcgis\desktop10.1\ArcToolbox\Toolboxes\Data Management Tools.tbx\Merge" Date="20141222" Time="091146">Merge LMUt_;LMUt_MSP;LMUt_RG "E:\Hasil RTKRHLDAS 2014 Rev Jkt\LMUt_bpdasmb_new.shp" "FID_RTKRHL "FID_RTKRHL" true true false 9 Long 0 9 ,First,#,LMUt_,FID_RTKRHL,-1,-1,LMUt_MSP,FID_RTKRHL,-1,-1,LMUt_RG,FID_RTKRHL,-1,-1;KECAMATA_1 "KECAMATA_1" true true false 35 Text 0 0 ,First,#,LMUt_,KECAMATA_1,-1,-1,LMUt_MSP,KECAMATA_1,-1,-1,LMUt_RG,KECAMATA_1,-1,-1;KODE_DAS "KODE_DAS" true true false 25 Text 0 0 ,First,#,LMUt_,KODE_DAS,-1,-1,LMUt_MSP,KODE_DAS,-1,-1,LMUt_RG,KODE_DAS,-1,-1;RPHL "RPHL" true true false 100 Text 0 0 ,First,#,LMUt_,RPHL,-1,-1,LMUt_MSP,RPHL,-1,-1,LMUt_RG,RPHL,-1,-1;RPSDA "RPSDA" true true false 100 Text 0 0 ,First,#,LMUt_,RPSDA,-1,-1,LMUt_MSP,RPSDA,-1,-1,LMUt_RG,RPSDA,-1,-1;RPKL "RPKL" true true false 100 Text 0 0 ,First,#,LMUt_,RPKL,-1,-1,LMUt_MSP,RPKL,-1,-1,LMUt_RG,RPKL,-1,-1;P_GENANGAN "P_GENANGAN" true true false 55 Text 0 0 ,First,#,LMUt_,P_GENANGAN,-1,-1,LMUt_MSP,P_GENANGAN,-1,-1,LMUt_RG,P_GENANGAN,-1,-1;SUBSIDEN "SUBSIDEN" true true false 55 Text 0 0 ,First,#,LMUt_,SUBSIDEN,-1,-1,LMUt_MSP,SUBSIDEN,-1,-1,LMUt_RG,SUBSIDEN,-1,-1;KP_ABRASI "KP_ABRASI" true true false 50 Text 0 0 ,First,#,LMUt_,KP_ABRASI,-1,-1,LMUt_MSP,KP_ABRASI,-1,-1,LMUt_RG,KP_ABRASI,-1,-1;KD_KRAP_NW "KD_KRAP_NW" true true false 10 Text 0 0 ,First,#,LMUt_,KD_KRAP_NW,-1,-1,LMUt_MSP,KD_KRAP_NW,-1,-1,LMUt_RG,KD_KRAP_NW,-1,-1;PRIOR_MSP "PRIOR_MSP" true true false 20 Text 0 0 ,First,#,LMUt_,PRIOR_MSP,-1,-1,LMUt_MSP,PRIOR_MSP,-1,-1,LMUt_RG,PRIOR_MSP,-1,-1;LMU_MSP_NW "LMU_MSP_NW" true true false 20 Text 0 0 ,First,#,LMUt_,LMU_MSP_NW,-1,-1,LMUt_MSP,LMU_MSP_NW,-1,-1,LMUt_RG,LMU_MSP_NW,-1,-1;PL13_ID "PL13_ID" true true false 9 Long 0 9 ,First,#,LMUt_,PL13_ID,-1,-1,LMUt_MSP,PL13_ID,-1,-1,LMUt_RG,PL13_ID,-1,-1;KODE_PL "KODE_PL" true true false 16 Text 0 0 ,First,#,LMUt_,KODE_PL,-1,-1,LMUt_MSP,KODE_PL,-1,-1,LMUt_RG,KODE_PL,-1,-1;BPDAS "BPDAS" true true false 254 Text 0 0 ,First,#,LMUt_,BPDAS,-1,-1,LMUt_MSP,BPDAS,-1,-1,LMUt_RG,BPDAS,-1,-1;KAB "KAB" true true false 254 Text 0 0 ,First,#,LMUt_,KAB,-1,-1,LMUt_MSP,KAB,-1,-1,LMUt_RG,KAB,-1,-1;PROV "PROV" true true false 254 Text 0 0 ,First,#,LMUt_,PROV,-1,-1,LMUt_MSP,PROV,-1,-1,LMUt_RG,PROV,-1,-1;DAS "DAS" true true false 50 Text 0 0 ,First,#,LMUt_,DAS,-1,-1,LMUt_MSP,DAS,-1,-1,LMUt_RG,DAS,-1,-1;TGK_AWL "TGK_AWL" true true false 50 Text 0 0 ,First,#,LMUt_,TGK_AWL,-1,-1,LMUt_MSP,TGK_AWL,-1,-1,LMUt_RG,TGK_AWL,-1,-1;TK_KRTIS "TK_KRTIS" true true false 50 Text 0 0 ,First,#,LMUt_,TK_KRTIS,-1,-1,LMUt_MSP,TK_KRTIS,-1,-1,LMUt_RG,TK_KRTIS,-1,-1;PRIO_DAS "PRIO_DAS" true true false 50 Text 0 0 ,First,#,LMUt_,PRIO_DAS,-1,-1,LMUt_MSP,PRIO_DAS,-1,-1,LMUt_RG,PRIO_DAS,-1,-1;MORFO_DAS "MORFO_DAS" true true false 50 Text 0 0 ,First,#,LMUt_,MORFO_DAS,-1,-1,LMUt_MSP,MORFO_DAS,-1,-1,LMUt_RG,MORFO_DAS,-1,-1;FNGSI_KWS "FNGSI_KWS" true true false 50 Text 0 0 ,First,#,LMUt_,FNGSI_KWS,-1,-1,LMUt_MSP,FNGSI_KWS,-1,-1,LMUt_RG,FNGSI_KWS,-1,-1;STATUS_KWS "STATUS_KWS" true true false 50 Text 0 0 ,First,#,LMUt_,STATUS_KWS,-1,-1,LMUt_MSP,STATUS_KWS,-1,-1,LMUt_RG,STATUS_KWS,-1,-1;KRP_MNGRVE "KRP_MNGRVE" true true false 50 Text 0 0 ,First,#,LMUt_,KRP_MNGRVE,-1,-1,LMUt_MSP,KRP_MNGRVE,-1,-1,LMUt_RG,KRP_MNGRVE,-1,-1;LAND_SYS "LAND_SYS" true true false 50 Text 0 0 ,First,#,LMUt_,LAND_SYS,-1,-1,LMUt_MSP,LAND_SYS,-1,-1,LMUt_RG,LAND_SYS,-1,-1;LIPUTAN_LH "LIPUTAN_LH" true true false 50 Text 0 0 ,First,#,LMUt_,LIPUTAN_LH,-1,-1,LMUt_MSP,LIPUTAN_LH,-1,-1,LMUt_RG,LIPUTAN_LH,-1,-1;TKS_TANAH "TKS_TANAH" true true false 50 Text 0 0 ,First,#,LMUt_,TKS_TANAH,-1,-1,LMUt_MSP,TKS_TANAH,-1,-1,LMUt_RG,TKS_TANAH,-1,-1;KRTIS_GMT "KRTIS_GMT" true true false 50 Text 0 0 ,First,#,LMUt_,KRTIS_GMT,-1,-1,LMUt_MSP,KRTIS_GMT,-1,-1,LMUt_RG,KRTIS_GMT,-1,-1;KDALAM_GMT "KDALAM_GMT" true true false 50 Text 0 0 ,First,#,LMUt_,KDALAM_GMT,-1,-1,LMUt_MSP,KDALAM_GMT,-1,-1,LMUt_RG,KDALAM_GMT,-1,-1;KMTANG_GMT "KMTANG_GMT" true true false 50 Text 0 0 ,First,#,LMUt_,KMTANG_GMT,-1,-1,LMUt_MSP,KMTANG_GMT,-1,-1,LMUt_RG,KMTANG_GMT,-1,-1;LMU "LMU" true true false 50 Text 0 0 ,First,#,LMUt_,LMU,-1,-1,LMUt_MSP,LMU,-1,-1,LMUt_RG,LMU,-1,-1;LMU_PRIO "LMU_PRIO" true true false 50 Text 0 0 ,First,#,LMUt_,LMU_PRIO,-1,-1,LMUt_MSP,LMU_PRIO,-1,-1,LMUt_RG,LMU_PRIO,-1,-1;REKOM_VEG "REKOM_VEG" true true false 100 Text 0 0 ,First,#,LMUt_,REKOM_VEG,-1,-1,LMUt_MSP,REKOM_VEG,-1,-1,LMUt_RG,REKOM_VEG,-1,-1;REKO_SIPIL "REKO_SIPIL" true true false 100 Text 0 0 ,First,#,LMUt_,REKO_SIPIL,-1,-1,LMUt_MSP,REKO_SIPIL,-1,-1,LMUt_RG,REKO_SIPIL,-1,-1;LUAS_HA "LUAS_HA" true true false 19 Double 2 18 ,First,#,LMUt_,LUAS_HA,-1,-1,LMUt_MSP,LUAS_HA,-1,-1,LMUt_RG,LUAS_HA,-1,-1;KETE "KETE" true true false 50 Text 0 0 ,First,#,LMUt_,KETE,-1,-1,LMUt_MSP,KETE,-1,-1,LMUt_RG,KETE,-1,-1;SOIL_NAME "SOIL_NAME" true true false 200 Text 0 0 ,First,#,LMUt_,SOIL_NAME,-1,-1,LMUt_MSP,SOIL_NAME,-1,-1,LMUt_RG,SOIL_NAME,-1,-1;SOIL_S "SOIL_S" true true false 250 Text 0 0 ,First,#,LMUt_,SOIL_S,-1,-1,LMUt_MSP,SOIL_S,-1,-1,LMUt_RG,SOIL_S,-1,-1;AREA "AREA" true true false 19 Double 3 18 ,First,#,LMUt_,AREA,-1,-1,LMUt_MSP,AREA,-1,-1,LMUt_RG,AREA,-1,-1;PERIMETER "PERIMETER" true true false 19 Double 3 18 ,First,#,LMUt_,PERIMETER,-1,-1,LMUt_MSP,PERIMETER,-1,-1,LMUt_RG,PERIMETER,-1,-1;HECTARES "HECTARES" true true false 19 Double 3 18 ,First,#,LMUt_,HECTARES,-1,-1,LMUt_MSP,HECTARES,-1,-1,LMUt_RG,HECTARES,-1,-1"</Process><Process ToolSource="c:\program files\arcgis\desktop10.1\ArcToolbox\Toolboxes\Data Management Tools.tbx\CalculateField" Date="20141222" Time="092705">CalculateField LMUt_bpdasmb_new REKOM_VEG "Rehabilitasi Pengkayaan dengan jenis tan.endemik/lokal" VB #</Process><Process ToolSource="c:\program files\arcgis\desktop10.1\ArcToolbox\Toolboxes\Data Management Tools.tbx\CalculateField" Date="20141222" Time="092821">CalculateField LMUt_bpdasmb_new REKOM_VEG "Rehabilitasi Pengkayaan dengan jenis tan.endemik/lokal" VB #</Process><Process ToolSource="c:\program files\arcgis\desktop10.1\ArcToolbox\Toolboxes\Data Management Tools.tbx\CalculateField" Date="20141222" Time="092958">CalculateField LMUt_bpdasmb_new RPHL "-" VB #</Process><Process ToolSource="c:\program files\arcgis\desktop10.1\ArcToolbox\Toolboxes\Data Management Tools.tbx\CalculateField" Date="20141222" Time="093050">CalculateField LMUt_bpdasmb_new RPSDA "-" VB #</Process><Process ToolSource="c:\program files\arcgis\desktop10.1\ArcToolbox\Toolboxes\Data Management Tools.tbx\CalculateField" Date="20141222" Time="093223">CalculateField LMUt_bpdasmb_new REKOM_VEG "Penanaman Intensif dengan jenis tan.endemik/lokal" VB #</Process><Process ToolSource="c:\program files\arcgis\desktop10.1\ArcToolbox\Toolboxes\Data Management Tools.tbx\CalculateField" Date="20150204" Time="083617">CalculateField LMUt_bpdasmb_new FNGSI_KWS "KB" VB #</Process><Process ToolSource="c:\program files\arcgis\desktop10.1\ArcToolbox\Toolboxes\Data Management Tools.tbx\CalculateField" Date="20150204" Time="083641">CalculateField LMUt_bpdasmb_new FNGSI_KWS "KL" VB #</Process><Process ToolSource="c:\program files\arcgis\desktop10.1\ArcToolbox\Toolboxes\Data Management Tools.tbx\CalculateField" Date="20150204" Time="083731">CalculateField LMUt_bpdasmb_new KETE "RTK DARATAN" VB #</Process><Process ToolSource="c:\program files\arcgis\desktop10.1\ArcToolbox\Toolboxes\Data Management Tools.tbx\CalculateField" Date="20150204" Time="084629">CalculateField LMUt_bpdasmb_new REK_VEG [REKOM_VEG] VB #</Process><Process ToolSource="c:\program files\arcgis\desktop10.1\ArcToolbox\Toolboxes\Data Management Tools.tbx\CalculateField" Date="20150204" Time="084708">CalculateField LMUt_bpdasmb_new REK_VEG [REKOM_VEG] VB #</Process><Process ToolSource="c:\program files\arcgis\desktop10.1\ArcToolbox\Toolboxes\Data Management Tools.tbx\CalculateField" Date="20150204" Time="084746">CalculateField LMUt_bpdasmb_new REK_VEG [REKOM_VEG] VB #</Process><Process ToolSource="c:\program files\arcgis\desktop10.1\ArcToolbox\Toolboxes\Data Management Tools.tbx\CalculateField" Date="20150204" Time="084930">CalculateField LMUt_bpdasmb_new REK_VEG [REKOM_VEG] VB #</Process><Process ToolSource="c:\program files\arcgis\desktop10.1\ArcToolbox\Toolboxes\Data Management Tools.tbx\CalculateField" Date="20150204" Time="085207">CalculateField LMUt_bpdasmb_new REK_VEG "PL-TKL" VB #</Process><Process ToolSource="c:\program files\arcgis\desktop10.1\ArcToolbox\Toolboxes\Data Management Tools.tbx\CalculateField" Date="20150204" Time="093607">CalculateField geO0 REK_VEG "PL-TKL" VB #</Process><Process ToolSource="c:\program files\arcgis\desktop10.1\ArcToolbox\Toolboxes\Data Management Tools.tbx\CalculateField" Date="20150204" Time="094118">CalculateField geO0 REK_VEG "PB-HKB" VB #</Process><Process ToolSource="c:\program files\arcgis\desktop10.1\ArcToolbox\Toolboxes\Data Management Tools.tbx\CalculateField" Date="20150204" Time="094228">CalculateField geO0 REK_VEG "PB-TKB" VB #</Process><Process ToolSource="c:\program files\arcgis\desktop10.1\ArcToolbox\Toolboxes\Data Management Tools.tbx\CalculateField" Date="20150204" Time="094316">CalculateField geO0 REK_VEG "PB-LKB" VB #</Process><Process ToolSource="c:\program files\arcgis\desktop10.1\ArcToolbox\Toolboxes\Data Management Tools.tbx\CalculateField" Date="20150204" Time="094441">CalculateField geO0 REK_VEG "RL-HHL" VB #</Process><Process ToolSource="c:\program files\arcgis\desktop10.1\ArcToolbox\Toolboxes\Data Management Tools.tbx\CalculateField" Date="20150204" Time="094516">CalculateField geO0 REK_VEG "RL-THL" VB #</Process><Process ToolSource="c:\program files\arcgis\desktop10.1\ArcToolbox\Toolboxes\Data Management Tools.tbx\CalculateField" Date="20150204" Time="094736">CalculateField geO0 REK_VEG "RL-LHL" VB #</Process><Process ToolSource="c:\program files\arcgis\desktop10.1\ArcToolbox\Toolboxes\Data Management Tools.tbx\CalculateField" Date="20150204" Time="095022">CalculateField geO0 REK_VEG "RK-HHK" VB #</Process><Process ToolSource="c:\program files\arcgis\desktop10.1\ArcToolbox\Toolboxes\Data Management Tools.tbx\CalculateField" Date="20150204" Time="095209">CalculateField geO0 REK_VEG "RK-THK" VB #</Process><Process ToolSource="c:\program files\arcgis\desktop10.1\ArcToolbox\Toolboxes\Data Management Tools.tbx\CalculateField" Date="20150204" Time="095441">CalculateField geO0 REK_VEG "RK-LHK" VB #</Process><Process ToolSource="c:\program files\arcgis\desktop10.1\ArcToolbox\Toolboxes\Data Management Tools.tbx\CalculateField" Date="20150204" Time="100002">CalculateField geO0 REK_VEG "RP-HHP" VB #</Process><Process ToolSource="c:\program files\arcgis\desktop10.1\ArcToolbox\Toolboxes\Data Management Tools.tbx\CalculateField" Date="20150204" Time="100038">CalculateField geO0 REK_VEG "RP-THP" VB #</Process><Process ToolSource="c:\program files\arcgis\desktop10.1\ArcToolbox\Toolboxes\Data Management Tools.tbx\CalculateField" Date="20150204" Time="100059">CalculateField geO0 REK_VEG "RP-LHP" VB #</Process><Process ToolSource="c:\program files\arcgis\desktop10.1\ArcToolbox\Toolboxes\Data Management Tools.tbx\CalculateField" Date="20150204" Time="100243">CalculateField geO0 REK_VEG "PL-HKL" VB #</Process><Process ToolSource="c:\program files\arcgis\desktop10.1\ArcToolbox\Toolboxes\Data Management Tools.tbx\CalculateField" Date="20150204" Time="100654">CalculateField geO0 REK_VEG [PRIOR_MSP] VB #</Process><Process ToolSource="c:\program files\arcgis\desktop10.1\ArcToolbox\Toolboxes\Data Management Tools.tbx\CalculateField" Date="20150204" Time="100720">CalculateField geO0 LMU_PRIO [PRIOR_MSP] VB #</Process><Process ToolSource="c:\program files\arcgis\desktop10.1\ArcToolbox\Toolboxes\Data Management Tools.tbx\CalculateField" Date="20150204" Time="100854">CalculateField geO0 REK_VEG "RHL-G I" VB #</Process><Process ToolSource="c:\program files\arcgis\desktop10.1\ArcToolbox\Toolboxes\Data Management Tools.tbx\CalculateField" Date="20150204" Time="100931">CalculateField geO0 REK_VEG "RHL-G II" VB #</Process><Process ToolSource="c:\program files\arcgis\desktop10.1\ArcToolbox\Toolboxes\Data Management Tools.tbx\CalculateField" Date="20150204" Time="101258">CalculateField geO0 REK_SIPIL [REKO_SIPIL] VB #</Process><Process ToolSource="c:\program files\arcgis\desktop10.1\ArcToolbox\Toolboxes\Data Management Tools.tbx\CalculateField" Date="20150204" Time="101324">CalculateField geO0 REK_SIPIL [REKO_SIPIL] VB #</Process><Process ToolSource="c:\program files\arcgis\desktop10.1\ArcToolbox\Toolboxes\Data Management Tools.tbx\CalculateField" Date="20150204" Time="101356">CalculateField geO0 REK_SIPIL [REKO_SIPIL] VB #</Process><Process ToolSource="c:\program files\arcgis\desktop10.1\ArcToolbox\Toolboxes\Data Management Tools.tbx\CalculateField" Date="20150204" Time="101434">CalculateField geO0 REK_SIPIL "Pt" VB #</Process><Process ToolSource="c:\program files\arcgis\desktop10.1\ArcToolbox\Toolboxes\Data Management Tools.tbx\CalculateField" Date="20150204" Time="101501">CalculateField geO0 REK_SIPIL "PGun" VB #</Process><Process ToolSource="c:\program files\arcgis\desktop10.1\ArcToolbox\Toolboxes\Data Management Tools.tbx\CalculateField" Date="20150204" Time="101719">CalculateField geO0 KEC [KECAMATA_1] VB #</Process><Process ToolSource="c:\program files\arcgis\desktop10.1\ArcToolbox\Toolboxes\Data Management Tools.tbx\CalculateField" Date="20150204" Time="102916">CalculateField geO0 KRP_MANGRO [KRP_MNGRVE] VB #</Process><Process ToolSource="c:\program files\arcgis\desktop10.1\ArcToolbox\Toolboxes\Data Management Tools.tbx\CalculateField" Date="20150204" Time="103436">CalculateField geO0 KET [KETE] VB #</Process><Process ToolSource="c:\program files\arcgis\desktop10.1\ArcToolbox\Toolboxes\Data Management Tools.tbx\CalculateField" Date="20150204" Time="103556">CalculateField geO0 GABUNGAN "[REK_VEG] &amp; [REK_SIPIL]" VB #</Process><Process ToolSource="c:\program files\arcgis\desktop10.1\ArcToolbox\Toolboxes\Data Management Tools.tbx\CalculateField" Date="20150204" Time="113512">CalculateField geO0 FUNGSI_KWS [FNGSI_KWS] VB #</Process><Process ToolSource="c:\program files\arcgis\desktop10.1\ArcToolbox\Toolboxes\Data Management Tools.tbx\CalculateField" Date="20150204" Time="113702">CalculateField geO0 TGK_AWAL [TGK_AWL] VB #</Process><Process ToolSource="c:\program files\arcgis\desktop10.1\ArcToolbox\Toolboxes\Data Management Tools.tbx\CalculateField" Date="20150812" Time="133428">CalculateField shp DAS "DAS Santan" VB #</Process><Process ToolSource="c:\program files\arcgis\desktop10.1\ArcToolbox\Toolboxes\Data Management Tools.tbx\CalculateField" Date="20150812" Time="144932">CalculateField shp DAS "DAS Dumaring" VB #</Process><Process ToolSource="c:\program files\arcgis\desktop10.1\ArcToolbox\Toolboxes\Data Management Tools.tbx\CalculateField" Date="20150812" Time="145800">CalculateField shp DAS "DAS Berau" VB #</Process><Process ToolSource="c:\program files\arcgis\desktop10.1\ArcToolbox\Toolboxes\Data Management Tools.tbx\CalculateField" Date="20150812" Time="154806">CalculateField shp DAS "DAS Mahakam" VB #</Process><Process ToolSource="c:\program files\arcgis\desktop10.1\ArcToolbox\Toolboxes\Data Management Tools.tbx\CalculateField" Date="20150812" Time="160234">CalculateField shp DAS "DAS Mahakam" VB #</Process><Process ToolSource="c:\program files\arcgis\desktop10.1\ArcToolbox\Toolboxes\Data Management Tools.tbx\CalculateField" Date="20150812" Time="160846">CalculateField shp DAS "DAS Samboja" VB #</Process><Process ToolSource="c:\program files\arcgis\desktop10.1\ArcToolbox\Toolboxes\Data Management Tools.tbx\CalculateField" Date="20150812" Time="171922">CalculateField shp DAS "DAS Samboja" VB #</Process><Process ToolSource="c:\program files\arcgis\desktop10.1\ArcToolbox\Toolboxes\Data Management Tools.tbx\CalculateField" Date="20150813" Time="053423">CalculateField shp DAS "DAS Berau" VB #</Process><Process ToolSource="c:\program files\arcgis\desktop10.1\ArcToolbox\Toolboxes\Data Management Tools.tbx\CalculateField" Date="20150813" Time="055004">CalculateField shp DAS "DAS Berau" VB #</Process><Process ToolSource="c:\program files\arcgis\desktop10.1\ArcToolbox\Toolboxes\Data Management Tools.tbx\CalculateField" Date="20150825" Time="175041">CalculateField shp DAS "DAS Kayan" VB #</Process><Process ToolSource="c:\program files\arcgis\desktop10.1\ArcToolbox\Toolboxes\Data Management Tools.tbx\CalculateField" Date="20150825" Time="181656">CalculateField shp DAS "DAS Sesayap" VB #</Process><Process ToolSource="c:\program files\arcgis\desktop10.1\ArcToolbox\Toolboxes\Data Management Tools.tbx\CalculateField" Date="20150825" Time="182155">CalculateField shp DAS "DAS Kayan" VB #</Process><Process ToolSource="c:\program files\arcgis\desktop10.1\ArcToolbox\Toolboxes\Data Management Tools.tbx\CalculateField" Date="20150825" Time="184301">CalculateField shp DAS "DAS Mahakam" VB #</Process><Process ToolSource="c:\program files\arcgis\desktop10.1\ArcToolbox\Toolboxes\Data Management Tools.tbx\CalculateField" Date="20150831" Time="140507">CalculateField shp DAS "DAS Mahakam" VB #</Process><Process ToolSource="c:\program files\arcgis\desktop10.1\ArcToolbox\Toolboxes\Data Management Tools.tbx\CalculateField" Date="20150831" Time="142156">CalculateField shp DAS "DAS Sembakung" VB #</Process><Process ToolSource="c:\program files\arcgis\desktop10.1\ArcToolbox\Toolboxes\Data Management Tools.tbx\CalculateField" Date="20150831" Time="143630">CalculateField shp DAS "DAS Sebuku" VB #</Process><Process ToolSource="c:\program files\arcgis\desktop10.1\ArcToolbox\Toolboxes\Data Management Tools.tbx\CalculateField" Date="20150831" Time="144113">CalculateField shp DAS "DAS Sembakung" VB #</Process><Process ToolSource="c:\program files\arcgis\desktop10.1\ArcToolbox\Toolboxes\Data Management Tools.tbx\CalculateField" Date="20150831" Time="144734">CalculateField shp DAS "DAS Sebuku" VB #</Process><Process ToolSource="c:\program files\arcgis\desktop10.1\ArcToolbox\Toolboxes\Data Management Tools.tbx\CalculateField" Date="20150831" Time="145205">CalculateField shp DAS "DAS Sepaku" VB #</Process><Process ToolSource="c:\program files\arcgis\desktop10.1\ArcToolbox\Toolboxes\Data Management Tools.tbx\CalculateField" Date="20150831" Time="150246">CalculateField shp DAS "DAS Sesayap" VB #</Process><Process ToolSource="c:\program files\arcgis\desktop10.1\ArcToolbox\Toolboxes\Data Management Tools.tbx\CalculateField" Date="20150831" Time="150521">CalculateField shp DAS "DAS Kayan" VB #</Process><Process ToolSource="c:\program files\arcgis\desktop10.1\ArcToolbox\Toolboxes\Data Management Tools.tbx\CalculateField" Date="20150831" Time="162523">CalculateField shp DAS "DAS Kayan" VB #</Process><Process ToolSource="c:\program files\arcgis\desktop10.1\ArcToolbox\Toolboxes\Data Management Tools.tbx\CalculateField" Date="20150831" Time="162850">CalculateField shp DAS "DAS Sesayap" VB #</Process><Process ToolSource="c:\program files\arcgis\desktop10.1\ArcToolbox\Toolboxes\Data Management Tools.tbx\CalculateField" Date="20150831" Time="163539">CalculateField shp DAS "DAS Sembakung" VB #</Process><Process ToolSource="c:\program files\arcgis\desktop10.1\ArcToolbox\Toolboxes\Data Management Tools.tbx\CalculateField" Date="20150901" Time="115026">CalculateField shp DAS "DAS Kayan" VB #</Process><Process ToolSource="c:\program files\arcgis\desktop10.1\ArcToolbox\Toolboxes\Data Management Tools.tbx\CalculateField" Date="20150901" Time="115553">CalculateField shp DAS "DAS Sesayap" VB #</Process><Process ToolSource="c:\program files\arcgis\desktop10.1\ArcToolbox\Toolboxes\Data Management Tools.tbx\CalculateField" Date="20150901" Time="115653">CalculateField shp DAS "DAS Kayan" VB #</Process><Process ToolSource="c:\program files\arcgis\desktop10.1\ArcToolbox\Toolboxes\Data Management Tools.tbx\CalculateField" Date="20150901" Time="141120">CalculateField shp DAS "DAS Sangatta" VB #</Process><Process ToolSource="c:\program files\arcgis\desktop10.1\ArcToolbox\Toolboxes\Data Management Tools.tbx\CalculateField" Date="20150901" Time="142455">CalculateField shp DAS "DAS Berau" VB #</Process><Process ToolSource="c:\program files\arcgis\desktop10.1\ArcToolbox\Toolboxes\Data Management Tools.tbx\CalculateField" Date="20150901" Time="144833">CalculateField shp DAS "DAS Mahakam" VB #</Process><Process ToolSource="c:\program files\arcgis\desktop10.1\ArcToolbox\Toolboxes\Data Management Tools.tbx\CalculateField" Date="20150901" Time="152323">CalculateField shp DAS "DAS Mahakam" VB #</Process><Process ToolSource="c:\program files\arcgis\desktop10.1\ArcToolbox\Toolboxes\Data Management Tools.tbx\CalculateField" Date="20150901" Time="152708">CalculateField shp DAS "DAS Mahakam" VB #</Process><Process ToolSource="c:\program files\arcgis\desktop10.1\ArcToolbox\Toolboxes\Data Management Tools.tbx\CalculateField" Date="20150901" Time="160409">CalculateField shp DAS "DAS Sangatta" VB #</Process><Process ToolSource="c:\program files\arcgis\desktop10.1\ArcToolbox\Toolboxes\Data Management Tools.tbx\CalculateField" Date="20150901" Time="160819">CalculateField shp DAS "DAS Santan" VB #</Process><Process ToolSource="c:\program files (x86)\arcgis\desktop10.1\ArcToolbox\Toolboxes\Analysis Tools.tbx\Clip" Date="20190701" Time="210114">Clip shp Sangkulirang_Embung100ok "F:\BACKUP DATA HARDISK HERI 13 MARET 2019\3. BACKUP DATA HARDISK HERI 24 APRIL 2019\2. BACKUP DATA HARDISK\1. PEKERJAAN BPDASMB\2019\8. DBH DR KUTIM\Rencana_Lokasi_DBH-DR_2019_DLH\RTk_Sangkulirang Embung.shp" #</Process></lineage><itemProps><itemName Sync="TRUE">RTk_Sangkulirang Embung</itemName><imsContentType Sync="TRUE">002</imsContentType><itemSize Sync="TRUE">0.000</itemSize><itemLocation><linkage Sync="TRUE">file://\\LAPTOP-DT9T2U6N\F$\BACKUP DATA HARDISK HERI 13 MARET 2019\3. BACKUP DATA HARDISK HERI 24 APRIL 2019\2. BACKUP DATA HARDISK\1. PEKERJAAN BPDASMB\2019\8. DBH DR KUTIM\Rencana_Lokasi_DBH-DR_2019_DLH\RTk_Sangkulirang Embung.shp</linkage><protocol Sync="TRUE">Local Area Network</protocol></itemLocation></itemProps><coordRef><type Sync="TRUE">Geographic</type><geogcsn Sync="TRUE">GCS_WGS_1984</geogcsn><csUnits Sync="TRUE">Angular Unit: Degree (0.017453)</csUnits><peXml Sync="TRUE">&lt;GeographicCoordinateSystem xsi:type='typens:GeographicCoordinateSystem' xmlns:xsi='http://www.w3.org/2001/XMLSchema-instance' xmlns:xs='http://www.w3.org/2001/XMLSchema' xmlns:typens='http://www.esri.com/schemas/ArcGIS/10.1'&gt;&lt;WKT&gt;GEOGCS[&amp;quot;GCS_WGS_1984&amp;quot;,DATUM[&amp;quot;D_WGS_1984&amp;quot;,SPHEROID[&amp;quot;WGS_1984&amp;quot;,6378137.0,298.257223563]],PRIMEM[&amp;quot;Greenwich&amp;quot;,0.0],UNIT[&amp;quot;Degree&amp;quot;,0.0174532925199433],AUTHORITY[&amp;quot;EPSG&amp;quot;,4326]]&lt;/WKT&gt;&lt;XOrigin&gt;-400&lt;/XOrigin&gt;&lt;YOrigin&gt;-400&lt;/YOrigin&gt;&lt;XYScale&gt;11258999068426.238&lt;/XYScale&gt;&lt;ZOrigin&gt;-100000&lt;/ZOrigin&gt;&lt;ZScale&gt;10000&lt;/ZScale&gt;&lt;MOrigin&gt;-100000&lt;/MOrigin&gt;&lt;MScale&gt;10000&lt;/MScale&gt;&lt;XYTolerance&gt;8.983152841195215e-009&lt;/XYTolerance&gt;&lt;ZTolerance&gt;0.001&lt;/ZTolerance&gt;&lt;MTolerance&gt;0.001&lt;/MTolerance&gt;&lt;HighPrecision&gt;true&lt;/HighPrecision&gt;&lt;LeftLongitude&gt;-180&lt;/LeftLongitude&gt;&lt;WKID&gt;4326&lt;/WKID&gt;&lt;LatestWKID&gt;4326&lt;/LatestWKID&gt;&lt;/GeographicCoordinateSystem&gt;</peXml></coordRef></DataProperties><SyncDate>20190701</SyncDate><SyncTime>21011100</SyncTime><ModDate>20190701</ModDate><ModTime>21011100</ModTime><ArcGISFormat>1.0</ArcGISFormat><ArcGISstyle>FGDC CSDGM Metadata</ArcGISstyle></Esri><idinfo><native Sync="TRUE">Microsoft Windows Vista Version 6.2 (Build 9200) ; ESRI ArcCatalog 9.3.1.3500</native><descript><langdata Sync="TRUE">id</langdata><abstract>REQUIRED: A brief narrative summary of the data set.</abstract><purpose>REQUIRED: A summary of the intentions with which the data set was developed.</purpose></descript><citation><citeinfo><origin>REQUIRED: The name of an organization or individual that developed the data set.</origin><pubdate>REQUIRED: The date when the data set is published or otherwise made available for release.</pubdate><title Sync="TRUE">rtkrhldas_BPDASMB14_Rev_Elim</title><ftname Sync="TRUE">rtkrhldas_BPDASMB14_Rev_Elim</ftname><geoform Sync="TRUE">vector digital data</geoform><onlink Sync="TRUE">\\AMS-M300\D$\REVIEW RTkRHL DAS\Hasil\rtkrhldas_BPDASMB14_Rev_Elim.shp</onlink></citeinfo></citation><timeperd><current>REQUIRED: The basis on which the time period of content information is determined.</current><timeinfo><sngdate><caldate>REQUIRED: The year (and optionally month, or month and day) for which the data set corresponds to the ground.</caldate></sngdate></timeinfo></timeperd><status><progress>REQUIRED: The state of the data set.</progress><update>REQUIRED: The frequency with which changes and additions are made to the data set after the initial data set is completed.</update></status><spdom><bounding><westbc Sync="TRUE">REQUIRED: Western-most coordinate of the limit of coverage expressed in longitude.</westbc><eastbc Sync="TRUE">REQUIRED: Eastern-most coordinate of the limit of coverage expressed in longitude.</eastbc><northbc Sync="TRUE">REQUIRED: Northern-most coordinate of the limit of coverage expressed in latitude.</northbc><southbc Sync="TRUE">REQUIRED: Southern-most coordinate of the limit of coverage expressed in latitude.</southbc></bounding></spdom><keywords><theme><themekt>REQUIRED: Reference to a formally registered thesaurus or a similar authoritative source of theme keywords.</themekt><themekey>REQUIRED: Common-use word or phrase used to describe the subject of the data set.</themekey></theme></keywords><accconst>REQUIRED: Restrictions and legal prerequisites for accessing the data set.</accconst><useconst>REQUIRED: Restrictions and legal prerequisites for using the data set after access is granted.</useconst><natvform Sync="TRUE">Shapefile</natvform></idinfo><dataIdInfo><envirDesc Sync="TRUE"> Version 6.2 (Build 9200) ; Esri ArcGIS 10.1.0.3035</envirDesc><dataLang><languageCode Sync="TRUE" value="eng"></languageCode><countryCode value="IDN" Sync="TRUE"></countryCode></dataLang><idCitation><resTitle Sync="TRUE">RTk_Sangkulirang Embung</resTitle><presForm><PresFormCd Sync="TRUE" value="005"></PresFormCd></presForm></idCitation><spatRpType><SpatRepTypCd Sync="TRUE" value="001"></SpatRepTypCd></spatRpType></dataIdInfo><metainfo><langmeta Sync="TRUE">id</langmeta><metstdn Sync="TRUE">FGDC Content Standards for Digital Geospatial Metadata</metstdn><metstdv Sync="TRUE">FGDC-STD-001-1998</metstdv><mettc Sync="TRUE">local time</mettc><metc><cntinfo><cntorgp><cntper>REQUIRED: The person responsible for the metadata information.</cntper><cntorg>REQUIRED: The organization responsible for the metadata information.</cntorg></cntorgp><cntaddr><addrtype>REQUIRED: The mailing and/or physical address for the organization or individual.</addrtype><city>REQUIRED: The city of the address.</city><state>REQUIRED: The state or province of the address.</state><postal>REQUIRED: The ZIP or other postal code of the address.</postal></cntaddr><cntvoice>REQUIRED: The telephone number by which individuals can speak to the organization or individual.</cntvoice></cntinfo></metc><metd Sync="TRUE">20141217</metd></metainfo><mdLang><languageCode Sync="TRUE" value="eng"></languageCode><countryCode value="IDN" Sync="TRUE"></countryCode></mdLang><mdStanName Sync="TRUE">ISO 19115 Geographic Information - Metadata</mdStanName><mdStanVer Sync="TRUE">DIS_ESRI1.0</mdStanVer><mdChar><CharSetCd Sync="TRUE" value="004"></CharSetCd></mdChar><mdHrLv><ScopeCd Sync="TRUE" value="005"></ScopeCd></mdHrLv><mdHrLvName Sync="TRUE">dataset</mdHrLvName><distinfo><resdesc Sync="TRUE">Downloadable Data</resdesc><stdorder><digform><digtinfo><transize Sync="TRUE">0.000</transize><dssize Sync="TRUE">0.000</dssize></digtinfo></digform></stdorder></distinfo><distInfo><distributor><distorTran><onLineSrc><orDesc Sync="TRUE">002</orDesc><linkage Sync="TRUE">file://\\AMS-M300\D$\REVIEW RTkRHL DAS\Hasil\rtkrhldas_BPDASMB14_Rev_Elim.shp</linkage><protocol Sync="TRUE">Local Area Network</protocol></onLineSrc><transSize Sync="TRUE">0.000</transSize></distorTran><distorFormat><formatName Sync="TRUE">Shapefile</formatName></distorFormat></distributor><distFormat><formatName Sync="TRUE">Shapefile</formatName></distFormat><distTranOps><transSize Sync="TRUE">0.000</transSize></distTranOps></distInfo><spdoinfo><direct Sync="TRUE">Vector</direct><ptvctinf><esriterm Name="RTk_Sangkulirang Embung"><efeatyp Sync="TRUE">Simple</efeatyp><efeageom code="4" Sync="TRUE"></efeageom><esritopo Sync="TRUE">FALSE</esritopo><efeacnt Sync="TRUE">0</efeacnt><spindex Sync="TRUE">FALSE</spindex><linrefer Sync="TRUE">TRUE</linrefer></esriterm></ptvctinf></spdoinfo><spref><horizsys><cordsysn><geogcsn Sync="TRUE">GCS_WGS_1984</geogcsn></cordsysn><geograph><geogunit Sync="TRUE">Decimal degrees</geogunit><latres Sync="TRUE">0.000000</latres><longres Sync="TRUE">0.000000</longres></geograph><geodetic><horizdn Sync="TRUE">D_WGS_1984</horizdn><ellips Sync="TRUE">WGS_1984</ellips><semiaxis Sync="TRUE">6378137.000000</semiaxis><denflat Sync="TRUE">298.257224</denflat></geodetic></horizsys><vertdef><altsys><altenc Sync="TRUE">Explicit elevation coordinate included with horizontal coordinates</altenc><altres Sync="TRUE">0.000100</altres></altsys></vertdef></spref><refSysInfo><RefSystem><refSysID><identCode Sync="TRUE" value="4326">GCS_WGS_1984</identCode><idCodeSpace Sync="TRUE">EPSG</idCodeSpace><idVersion Sync="TRUE">7.9.4</idVersion></refSysID></RefSystem></refSysInfo><spatRepInfo><VectSpatRep><geometObjs Name="RTk_Sangkulirang Embung"><geoObjTyp><GeoObjTypCd value="002" Sync="TRUE"></GeoObjTypCd></geoObjTyp><geoObjCnt Sync="TRUE">0</geoObjCnt></geometObjs><topLvl><TopoLevCd value="001" Sync="TRUE"></TopoLevCd></topLvl></VectSpatRep></spatRepInfo><eainfo><detailed Name="RTk_Sangkulirang Embung"><enttyp><enttypl Sync="TRUE">RTk_Sangkulirang Embung</enttypl><enttypt Sync="TRUE">Feature Class</enttypt><enttypc Sync="TRUE">0</enttypc></enttyp><attr><attrlabl Sync="TRUE">FID</attrlabl><attalias Sync="TRUE">FID</attalias><attrtype Sync="TRUE">OID</attrtype><attwidth Sync="TRUE">4</attwidth><atprecis Sync="TRUE">0</atprecis><attscale Sync="TRUE">0</attscale><attrdef Sync="TRUE">Internal feature number.</attrdef><attrdefs Sync="TRUE">ESRI</attrdefs><attrdomv><udom Sync="TRUE">Sequential unique whole numbers that are automatically generated.</udom></attrdomv></attr><attr><attrlabl Sync="TRUE">Shape</attrlabl><attalias Sync="TRUE">Shape</attalias><attrtype Sync="TRUE">Geometry</attrtype><attwidth Sync="TRUE">0</attwidth><atprecis Sync="TRUE">0</atprecis><attscale Sync="TRUE">0</attscale><attrdef Sync="TRUE">Feature geometry.</attrdef><attrdefs Sync="TRUE">ESRI</attrdefs><attrdomv><udom Sync="TRUE">Coordinates defining the features.</udom></attrdomv></attr><attr><attrlabl Sync="TRUE">BPDAS</attrlabl><attalias Sync="TRUE">BPDAS</attalias><attrtype Sync="TRUE">String</attrtype><attwidth Sync="TRUE">254</attwidth><atprecis Sync="TRUE">0</atprecis><attscale Sync="TRUE">0</attscale></attr><attr><attrlabl Sync="TRUE">KAB</attrlabl><attalias Sync="TRUE">KAB</attalias><attrtype Sync="TRUE">String</attrtype><attwidth Sync="TRUE">254</attwidth><atprecis Sync="TRUE">0</atprecis><attscale Sync="TRUE">0</attscale></attr><attr><attrlabl Sync="TRUE">PROV</attrlabl><attalias Sync="TRUE">PROV</attalias><attrtype Sync="TRUE">String</attrtype><attwidth Sync="TRUE">254</attwidth><atprecis Sync="TRUE">0</atprecis><attscale Sync="TRUE">0</attscale></attr><attr><attrlabl Sync="TRUE">DAS</attrlabl><attalias Sync="TRUE">DAS</attalias><attrtype Sync="TRUE">String</attrtype><attwidth Sync="TRUE">50</attwidth><atprecis Sync="TRUE">0</atprecis><attscale Sync="TRUE">0</attscale></attr><attr><attrlabl Sync="TRUE">TK_KRTIS</attrlabl><attalias Sync="TRUE">TK_KRTIS</attalias><attrtype Sync="TRUE">String</attrtype><attwidth Sync="TRUE">50</attwidth><atprecis Sync="TRUE">0</atprecis><attscale Sync="TRUE">0</attscale></attr><attr><attrlabl Sync="TRUE">PRIO_DAS</attrlabl><attalias Sync="TRUE">PRIO_DAS</attalias><attrtype Sync="TRUE">String</attrtype><attwidth Sync="TRUE">50</attwidth><atprecis Sync="TRUE">0</atprecis><attscale Sync="TRUE">0</attscale></attr><attr><attrlabl Sync="TRUE">MORFO_DAS</attrlabl><attalias Sync="TRUE">MORFO_DAS</attalias><attrtype Sync="TRUE">String</attrtype><attwidth Sync="TRUE">50</attwidth><atprecis Sync="TRUE">0</atprecis><attscale Sync="TRUE">0</attscale></attr><attr><attrlabl Sync="TRUE">STATUS_KWS</attrlabl><attalias Sync="TRUE">STATUS_KWS</attalias><attrtype Sync="TRUE">String</attrtype><attwidth Sync="TRUE">50</attwidth><atprecis Sync="TRUE">0</atprecis><attscale Sync="TRUE">0</attscale></attr><attr><attrlabl Sync="TRUE">LAND_SYS</attrlabl><attalias Sync="TRUE">LAND_SYS</attalias><attrtype Sync="TRUE">String</attrtype><attwidth Sync="TRUE">50</attwidth><atprecis Sync="TRUE">0</atprecis><attscale Sync="TRUE">0</attscale></attr><attr><attrlabl Sync="TRUE">LIPUTAN_LH</attrlabl><attalias Sync="TRUE">LIPUTAN_LH</attalias><attrtype Sync="TRUE">String</attrtype><attwidth Sync="TRUE">50</attwidth><atprecis Sync="TRUE">0</atprecis><attscale Sync="TRUE">0</attscale></attr><attr><attrlabl Sync="TRUE">TKS_TANAH</attrlabl><attalias Sync="TRUE">TKS_TANAH</attalias><attrtype Sync="TRUE">String</attrtype><attwidth Sync="TRUE">50</attwidth><atprecis Sync="TRUE">0</atprecis><attscale Sync="TRUE">0</attscale></attr><attr><attrlabl Sync="TRUE">KRTIS_GMT</attrlabl><attalias Sync="TRUE">KRTIS_GMT</attalias><attrtype Sync="TRUE">String</attrtype><attwidth Sync="TRUE">50</attwidth><atprecis Sync="TRUE">0</atprecis><attscale Sync="TRUE">0</attscale></attr><attr><attrlabl Sync="TRUE">KDALAM_GMT</attrlabl><attalias Sync="TRUE">KDALAM_GMT</attalias><attrtype Sync="TRUE">String</attrtype><attwidth Sync="TRUE">50</attwidth><atprecis Sync="TRUE">0</atprecis><attscale Sync="TRUE">0</attscale></attr><attr><attrlabl Sync="TRUE">KMTANG_GMT</attrlabl><attalias Sync="TRUE">KMTANG_GMT</attalias><attrtype Sync="TRUE">String</attrtype><attwidth Sync="TRUE">50</attwidth><atprecis Sync="TRUE">0</atprecis><attscale Sync="TRUE">0</attscale></attr><attr><attrlabl Sync="TRUE">LMU</attrlabl><attalias Sync="TRUE">LMU</attalias><attrtype Sync="TRUE">String</attrtype><attwidth Sync="TRUE">50</attwidth><atprecis Sync="TRUE">0</atprecis><attscale Sync="TRUE">0</attscale></attr><attr><attrlabl Sync="TRUE">LMU_PRIO</attrlabl><attalias Sync="TRUE">LMU_PRIO</attalias><attrtype Sync="TRUE">String</attrtype><attwidth Sync="TRUE">50</attwidth><atprecis Sync="TRUE">0</atprecis><attscale Sync="TRUE">0</attscale></attr><attr><attrlabl Sync="TRUE">LUAS_HA</attrlabl><attalias Sync="TRUE">LUAS_HA</attalias><attrtype Sync="TRUE">Double</attrtype><attwidth Sync="TRUE">19</attwidth><atprecis Sync="TRUE">18</atprecis><attscale Sync="TRUE">2</attscale></attr><attr><attrlabl Sync="TRUE">REK_VEG</attrlabl><attalias Sync="TRUE">REK_VEG</attalias><attrtype Sync="TRUE">String</attrtype><attwidth Sync="TRUE">254</attwidth><atprecis Sync="TRUE">0</atprecis><attscale Sync="TRUE">0</attscale></attr><attr><attrlabl Sync="TRUE">REK_SIPIL</attrlabl><attalias Sync="TRUE">REK_SIPIL</attalias><attrtype Sync="TRUE">String</attrtype><attwidth Sync="TRUE">254</attwidth><atprecis Sync="TRUE">0</atprecis><attscale Sync="TRUE">0</attscale></attr><attr><attrlabl Sync="TRUE">KEC</attrlabl><attalias Sync="TRUE">KEC</attalias><attrtype Sync="TRUE">String</attrtype><attwidth Sync="TRUE">254</attwidth><atprecis Sync="TRUE">0</atprecis><attscale Sync="TRUE">0</attscale></attr><attr><attrlabl Sync="TRUE">KRP_MANGRO</attrlabl><attalias Sync="TRUE">KRP_MANGRO</attalias><attrtype Sync="TRUE">String</attrtype><attwidth Sync="TRUE">254</attwidth><atprecis Sync="TRUE">0</atprecis><attscale Sync="TRUE">0</attscale></attr><attr><attrlabl Sync="TRUE">KET</attrlabl><attalias Sync="TRUE">KET</attalias><attrtype Sync="TRUE">String</attrtype><attwidth Sync="TRUE">254</attwidth><atprecis Sync="TRUE">0</atprecis><attscale Sync="TRUE">0</attscale></attr><attr><attrlabl Sync="TRUE">GABUNGAN</attrlabl><attalias Sync="TRUE">GABUNGAN</attalias><attrtype Sync="TRUE">String</attrtype><attwidth Sync="TRUE">254</attwidth><atprecis Sync="TRUE">0</atprecis><attscale Sync="TRUE">0</attscale></attr><attr><attrlabl Sync="TRUE">FUNGSI_KWS</attrlabl><attalias Sync="TRUE">FUNGSI_KWS</attalias><attrtype Sync="TRUE">String</attrtype><attwidth Sync="TRUE">254</attwidth><atprecis Sync="TRUE">0</atprecis><attscale Sync="TRUE">0</attscale></attr><attr><attrlabl Sync="TRUE">TGK_AWAL</attrlabl><attalias Sync="TRUE">TGK_AWAL</attalias><attrtype Sync="TRUE">String</attrtype><attwidth Sync="TRUE">254</attwidth><atprecis Sync="TRUE">0</atprecis><attscale Sync="TRUE">0</attscale></attr></detailed></eainfo><mdDateSt Sync="TRUE">20190701</mdDateSt></metadata>
