<?xml version="1.0" encoding="UTF-8"?>
<metadata xml:lang="en"><Esri><CreaDate>20221109</CreaDate><CreaTime>11095100</CreaTime><SyncOnce>FALSE</SyncOnce><DataProperties><lineage><Process ToolSource="C:\Program Files\ArcGIS\ArcToolbox\Toolboxes\Data Management Tools.tbx\DefineProjection" Date="20120702" Time="092740">DefineProjection "poly adm_2005_18" PROJCS['WGS_1984_UTM_Zone_50N',GEOGCS['GCS_WGS_1984',DATUM['D_WGS_1984',SPHEROID['WGS_1984',6378137.0,298.257223563]],PRIMEM['Greenwich',0.0],UNIT['Degree',0.0174532925199433]],PROJECTION['Transverse_Mercator'],PARAMETER['False_Easting',500000.0],PARAMETER['False_Northing',0.0],PARAMETER['Central_Meridian',117.0],PARAMETER['Scale_Factor',0.9996],PARAMETER['Latitude_Of_Origin',0.0],UNIT['Meter',1.0]] "poly adm_2005_18"</Process><Process ToolSource="C:\Program Files\ArcGIS\ArcToolbox\Toolboxes\Data Management Tools.tbx\DefineProjection" Date="20120702" Time="093001">DefineProjection "poly adm_2005_18" GEOGCS['GCS_WGS_1984',DATUM['D_WGS_1984',SPHEROID['WGS_1984',6378137.0,298.257223563]],PRIMEM['Greenwich',0.0],UNIT['Degree',0.0174532925199433]] "poly adm_2005_18"</Process><Process ToolSource="C:\Program Files\ArcGIS\ArcToolbox\Toolboxes\Data Management Tools.tbx\DefineProjection" Date="20120702" Time="103720">DefineProjection "poly adm_2005_18" PROJCS['WGS_1984_UTM_Zone_50N',GEOGCS['GCS_WGS_1984',DATUM['D_WGS_1984',SPHEROID['WGS_1984',6378137.0,298.257223563]],PRIMEM['Greenwich',0.0],UNIT['Degree',0.0174532925199433]],PROJECTION['Transverse_Mercator'],PARAMETER['False_Easting',500000.0],PARAMETER['False_Northing',0.0],PARAMETER['Central_Meridian',117.0],PARAMETER['Scale_Factor',0.9996],PARAMETER['Latitude_Of_Origin',0.0],UNIT['Meter',1.0]] "poly adm_2005_18"</Process><Process ToolSource="C:\Program Files\ArcGIS\ArcToolbox\Toolboxes\Data Management Tools.tbx\DefineProjection" Date="20120706" Time="125231">DefineProjection "poly adm_2005_18" PROJCS['WGS_1984_UTM_Zone_50N',GEOGCS['GCS_WGS_1984',DATUM['D_WGS_1984',SPHEROID['WGS_1984',6378137.0,298.257223563]],PRIMEM['Greenwich',0.0],UNIT['Degree',0.0174532925199433]],PROJECTION['Transverse_Mercator'],PARAMETER['False_Easting',500000.0],PARAMETER['False_Northing',0.0],PARAMETER['Central_Meridian',117.0],PARAMETER['Scale_Factor',0.9996],PARAMETER['Latitude_Of_Origin',0.0],UNIT['Meter',1.0]] "poly adm_2005_18"</Process><Process ToolSource="C:\Program Files\ArcGIS\ArcToolbox\Toolboxes\Data Management Tools.tbx\DefineProjection" Date="20120807" Time="133538">DefineProjection "poly adm_2005_18" GEOGCS['GCS_WGS_1984',DATUM['D_WGS_1984',SPHEROID['WGS_1984',6378137.0,298.257223563]],PRIMEM['Greenwich',0.0],UNIT['Degree',0.0174532925199433]] "poly adm_2005_18"</Process><Process ToolSource="C:\Program Files\ArcGIS\ArcToolbox\Toolboxes\Data Management Tools.tbx\DefineProjection" Date="20120807" Time="133626">DefineProjection "poly adm_2005_18" PROJCS['WGS_1984_UTM_Zone_50N',GEOGCS['GCS_WGS_1984',DATUM['D_WGS_1984',SPHEROID['WGS_1984',6378137.0,298.257223563]],PRIMEM['Greenwich',0.0],UNIT['Degree',0.0174532925199433]],PROJECTION['Transverse_Mercator'],PARAMETER['False_Easting',500000.0],PARAMETER['False_Northing',0.0],PARAMETER['Central_Meridian',117.0],PARAMETER['Scale_Factor',0.9996],PARAMETER['Latitude_Of_Origin',0.0],UNIT['Meter',1.0]] "poly adm_2005_18"</Process><Process ToolSource="c:\program files (x86)\arcgis\desktop10.5\ArcToolbox\Toolboxes\Data Management Tools.tbx\Merge" Date="20200218" Time="150538">Merge Kec._Bengalon;Kec._Karangan;Kec._Sangatta_Selatan;Kec._sangkulirang;Kec._Telen;Kec._Teluk_Pandan;Kec.Busang;Kec.Kaliorang;Kec.Kaubun;Kec.Long_Masangat;Kec.Ma_Ancalong;Kec.Ma_Bengkal;Kec.Ma_Wahao;Kec.Rantau_Pulung;Kec.Sangatta_Utara;KLec.Kongbeng;Sandaran "E:\FIle PENATAAN WILAYAH\Poly Adm 2005\Poly Adm 2005 terbaru 7.8.19\POLY WIL ADM KECAMATAN 2019.shp" "NAME "NAME" true true false 30 Text 0 0 ,First,#,Kec._Bengalon,NAME,-1,-1,Kec._Karangan,NAME,-1,-1,Kec._Sangatta_Selatan,NAME,-1,-1,Kec._sangkulirang,NAME,-1,-1,Kec._Telen,NAME,-1,-1,Kec._Teluk_Pandan,NAME,-1,-1,Kec.Busang,NAME,-1,-1,Kec.Kaliorang,NAME,-1,-1,Kec.Kaubun,NAME,-1,-1,Kec.Long_Masangat,NAME,-1,-1,Kec.Ma_Ancalong,NAME,-1,-1,Kec.Ma_Bengkal,NAME,-1,-1,Kec.Ma_Wahao,NAME,-1,-1,Kec.Rantau_Pulung,NAME,-1,-1,Kec.Sangatta_Utara,NAME,-1,-1,KLec.Kongbeng,NAME,-1,-1,Sandaran,NAME,-1,-1;AREA "AREA" true true false 16 Double 3 15 ,First,#,Kec._Bengalon,AREA,-1,-1,Kec._Karangan,AREA,-1,-1,Kec._Sangatta_Selatan,AREA,-1,-1,Kec._sangkulirang,AREA,-1,-1,Kec._Telen,AREA,-1,-1,Kec._Teluk_Pandan,AREA,-1,-1,Kec.Busang,AREA,-1,-1,Kec.Kaliorang,AREA,-1,-1,Kec.Kaubun,AREA,-1,-1,Kec.Long_Masangat,AREA,-1,-1,Kec.Ma_Ancalong,AREA,-1,-1,Kec.Ma_Bengkal,AREA,-1,-1,Kec.Ma_Wahao,AREA,-1,-1,Kec.Rantau_Pulung,AREA,-1,-1,Kec.Sangatta_Utara,AREA,-1,-1,KLec.Kongbeng,AREA,-1,-1,Sandaran,AREA,-1,-1;PERIMETER "PERIMETER" true true false 16 Double 3 15 ,First,#,Kec._Bengalon,PERIMETER,-1,-1,Kec._Karangan,PERIMETER,-1,-1,Kec._Sangatta_Selatan,PERIMETER,-1,-1,Kec._sangkulirang,PERIMETER,-1,-1,Kec._Telen,PERIMETER,-1,-1,Kec._Teluk_Pandan,PERIMETER,-1,-1,Kec.Busang,PERIMETER,-1,-1,Kec.Kaliorang,PERIMETER,-1,-1,Kec.Kaubun,PERIMETER,-1,-1,Kec.Long_Masangat,PERIMETER,-1,-1,Kec.Ma_Ancalong,PERIMETER,-1,-1,Kec.Ma_Bengkal,PERIMETER,-1,-1,Kec.Ma_Wahao,PERIMETER,-1,-1,Kec.Rantau_Pulung,PERIMETER,-1,-1,Kec.Sangatta_Utara,PERIMETER,-1,-1,KLec.Kongbeng,PERIMETER,-1,-1,Sandaran,PERIMETER,-1,-1;HECTARES "HECTARES" true true false 16 Double 3 15 ,First,#,Kec._Bengalon,HECTARES,-1,-1,Kec._Karangan,HECTARES,-1,-1,Kec._Sangatta_Selatan,HECTARES,-1,-1,Kec._sangkulirang,HECTARES,-1,-1,Kec._Telen,HECTARES,-1,-1,Kec._Teluk_Pandan,HECTARES,-1,-1,Kec.Busang,HECTARES,-1,-1,Kec.Kaliorang,HECTARES,-1,-1,Kec.Kaubun,HECTARES,-1,-1,Kec.Long_Masangat,HECTARES,-1,-1,Kec.Ma_Ancalong,HECTARES,-1,-1,Kec.Ma_Bengkal,HECTARES,-1,-1,Kec.Ma_Wahao,HECTARES,-1,-1,Kec.Rantau_Pulung,HECTARES,-1,-1,Kec.Sangatta_Utara,HECTARES,-1,-1,KLec.Kongbeng,HECTARES,-1,-1,Sandaran,HECTARES,-1,-1"</Process><Process ToolSource="c:\program files (x86)\arcgis\desktop10.5\ArcToolbox\Toolboxes\Data Management Tools.tbx\CalculateField" Date="20210629" Time="160335">CalculateField "POLY WIL ADM KECAMATAN 2019" NAME "Kecamatan Sangkulirang" VB #</Process><Process ToolSource="c:\program files (x86)\arcgis\desktop10.5\ArcToolbox\Toolboxes\Data Management Tools.tbx\CalculateField" Date="20210629" Time="160402">CalculateField "POLY WIL ADM KECAMATAN 2019" NAME "Kecamatan Sangatta Selatan" VB #</Process><Process ToolSource="c:\program files (x86)\arcgis\desktop10.5\ArcToolbox\Toolboxes\Data Management Tools.tbx\CalculateField" Date="20210629" Time="160435">CalculateField "POLY WIL ADM KECAMATAN 2019" NAME "Kecamatan Teluk Pandan" VB #</Process><Process ToolSource="c:\program files (x86)\arcgis\desktop10.5\ArcToolbox\Toolboxes\Data Management Tools.tbx\CalculateField" Date="20210629" Time="160518">CalculateField "POLY WIL ADM KECAMATAN 2019" NAME "Kecamatan Sandaran" VB #</Process><Process ToolSource="c:\program files (x86)\arcgis\desktop10.4\ArcToolbox\Toolboxes\Data Management Tools.tbx\CalculateField" Date="20220823" Time="081742">CalculateField DATA_BATAS_KECAMATAN_INDIKATIF_2022 Kabupaten [NAME] VB #</Process></lineage><itemProps><itemName Sync="TRUE">AdmDesa_Kutim_2022_Topo</itemName><imsContentType Sync="TRUE">002</imsContentType><itemSize Sync="TRUE">0.000</itemSize><itemLocation><linkage Sync="TRUE">file://\\ROG-2021\D$\Mobile_App\commondata\mobileapp_pemetaan\AdmDesa_Kutim_2022_Topo</linkage><protocol Sync="TRUE">Local Area Network</protocol></itemLocation></itemProps><coordRef><type Sync="TRUE">Projected</type><geogcsn Sync="TRUE">GCS_WGS_1984</geogcsn><csUnits Sync="TRUE">Linear Unit: Meter (1.000000)</csUnits><projcsn Sync="TRUE">WGS_1984_UTM_Zone_50N</projcsn><peXml Sync="TRUE">&lt;ProjectedCoordinateSystem xsi:type='typens:ProjectedCoordinateSystem' xmlns:xsi='http://www.w3.org/2001/XMLSchema-instance' xmlns:xs='http://www.w3.org/2001/XMLSchema' xmlns:typens='http://www.esri.com/schemas/ArcGIS/10.4'&gt;&lt;WKT&gt;PROJCS[&amp;quot;WGS_1984_UTM_Zone_50N&amp;quot;,GEOGCS[&amp;quot;GCS_WGS_1984&amp;quot;,DATUM[&amp;quot;D_WGS_1984&amp;quot;,SPHEROID[&amp;quot;WGS_1984&amp;quot;,6378137.0,298.257223563]],PRIMEM[&amp;quot;Greenwich&amp;quot;,0.0],UNIT[&amp;quot;Degree&amp;quot;,0.0174532925199433]],PROJECTION[&amp;quot;Transverse_Mercator&amp;quot;],PARAMETER[&amp;quot;False_Easting&amp;quot;,500000.0],PARAMETER[&amp;quot;False_Northing&amp;quot;,0.0],PARAMETER[&amp;quot;Central_Meridian&amp;quot;,117.0],PARAMETER[&amp;quot;Scale_Factor&amp;quot;,0.9996],PARAMETER[&amp;quot;Latitude_Of_Origin&amp;quot;,0.0],UNIT[&amp;quot;Meter&amp;quot;,1.0],AUTHORITY[&amp;quot;EPSG&amp;quot;,32650]]&lt;/WKT&gt;&lt;XOrigin&gt;-5120900&lt;/XOrigin&gt;&lt;YOrigin&gt;-9998100&lt;/YOrigin&gt;&lt;XYScale&gt;10000&lt;/XYScale&gt;&lt;ZOrigin&gt;-100000&lt;/ZOrigin&gt;&lt;ZScale&gt;10000&lt;/ZScale&gt;&lt;MOrigin&gt;-100000&lt;/MOrigin&gt;&lt;MScale&gt;10000&lt;/MScale&gt;&lt;XYTolerance&gt;0.001&lt;/XYTolerance&gt;&lt;ZTolerance&gt;0.001&lt;/ZTolerance&gt;&lt;MTolerance&gt;0.001&lt;/MTolerance&gt;&lt;HighPrecision&gt;true&lt;/HighPrecision&gt;&lt;WKID&gt;32650&lt;/WKID&gt;&lt;LatestWKID&gt;32650&lt;/LatestWKID&gt;&lt;/ProjectedCoordinateSystem&gt;</peXml></coordRef><copyHistory><copy source="E:\01_GIS\MOBILEAPP_PEMETAAN\AdmDesa_Kutim_2022_Topo" dest="\\ROG-2021\D$\Mobile_App\commondata\mobileapp_pemetaan\AdmDesa_Kutim_2022_Topo" date="20221109" time="11095100"></copy></copyHistory></DataProperties><ArcGISFormat>1.0</ArcGISFormat><SyncDate>20220823</SyncDate><SyncTime>14482600</SyncTime><ModDate>20220823</ModDate><ModTime>14482600</ModTime></Esri><dataIdInfo><envirDesc Sync="TRUE"> Version 6.2 (Build 9200) ; Esri ArcGIS 10.4.1.5686</envirDesc><dataLang><languageCode value="eng" Sync="TRUE"></languageCode><countryCode value="USA" Sync="TRUE"></countryCode></dataLang><idCitation><resTitle Sync="TRUE">AdmDesa_Kutim_2022_Topo</resTitle><presForm><PresFormCd value="005" Sync="TRUE"></PresFormCd></presForm></idCitation><spatRpType><SpatRepTypCd value="001" Sync="TRUE"></SpatRepTypCd></spatRpType></dataIdInfo><mdLang><languageCode value="eng" Sync="TRUE"></languageCode><countryCode value="USA" Sync="TRUE"></countryCode></mdLang><distInfo><distFormat><formatName Sync="TRUE">File Geodatabase Feature Class</formatName></distFormat><distTranOps><transSize Sync="TRUE">0.000</transSize></distTranOps></distInfo><mdHrLv><ScopeCd value="005" Sync="TRUE"></ScopeCd></mdHrLv><mdHrLvName Sync="TRUE">dataset</mdHrLvName><refSysInfo><RefSystem><refSysID><identCode code="32650" Sync="TRUE"></identCode><idCodeSpace Sync="TRUE">EPSG</idCodeSpace><idVersion Sync="TRUE">6.11.1(3.0.1)</idVersion></refSysID></RefSystem></refSysInfo><spatRepInfo><VectSpatRep><geometObjs Name="AdmDesa_Kutim_2022_Topo"><geoObjTyp><GeoObjTypCd value="002" Sync="TRUE"></GeoObjTypCd></geoObjTyp><geoObjCnt Sync="TRUE">0</geoObjCnt></geometObjs><topLvl><TopoLevCd value="001" Sync="TRUE"></TopoLevCd></topLvl></VectSpatRep></spatRepInfo><spdoinfo><ptvctinf><esriterm Name="AdmDesa_Kutim_2022_Topo"><efeatyp Sync="TRUE">Simple</efeatyp><efeageom code="4" Sync="TRUE"></efeageom><esritopo Sync="TRUE">FALSE</esritopo><efeacnt Sync="TRUE">0</efeacnt><spindex Sync="TRUE">TRUE</spindex><linrefer Sync="TRUE">TRUE</linrefer></esriterm></ptvctinf></spdoinfo><eainfo><detailed Name="AdmDesa_Kutim_2022_Topo"><enttyp><enttypl Sync="TRUE">AdmDesa_Kutim_2022_Topo</enttypl><enttypt Sync="TRUE">Feature Class</enttypt><enttypc Sync="TRUE">0</enttypc></enttyp><attr><attrlabl Sync="TRUE">OBJECTID</attrlabl><attalias Sync="TRUE">OBJECTID</attalias><attrtype Sync="TRUE">OID</attrtype><attwidth Sync="TRUE">4</attwidth><atprecis Sync="TRUE">0</atprecis><attscale Sync="TRUE">0</attscale><attrdef Sync="TRUE">Internal feature number.</attrdef><attrdefs Sync="TRUE">Esri</attrdefs><attrdomv><udom Sync="TRUE">Sequential unique whole numbers that are automatically generated.</udom></attrdomv></attr><attr><attrlabl Sync="TRUE">Kabupaten</attrlabl><attalias Sync="TRUE">Kabupaten</attalias><attrtype Sync="TRUE">String</attrtype><attwidth Sync="TRUE">20</attwidth><atprecis Sync="TRUE">0</atprecis><attscale Sync="TRUE">0</attscale></attr><attr><attrlabl Sync="TRUE">Shape</attrlabl><attalias Sync="TRUE">Shape</attalias><attrtype Sync="TRUE">Geometry</attrtype><attwidth Sync="TRUE">0</attwidth><atprecis Sync="TRUE">0</atprecis><attscale Sync="TRUE">0</attscale><attrdef Sync="TRUE">Feature geometry.</attrdef><attrdefs Sync="TRUE">Esri</attrdefs><attrdomv><udom Sync="TRUE">Coordinates defining the features.</udom></attrdomv></attr><attr><attrlabl Sync="TRUE">Nama_Desa</attrlabl><attalias Sync="TRUE">Nama_Desa</attalias><attrtype Sync="TRUE">String</attrtype><attwidth Sync="TRUE">50</attwidth><atprecis Sync="TRUE">0</atprecis><attscale Sync="TRUE">0</attscale></attr><attr><attrlabl Sync="TRUE">Luas_Desa</attrlabl><attalias Sync="TRUE">Luas_Desa</attalias><attrtype Sync="TRUE">Single</attrtype><attwidth Sync="TRUE">4</attwidth><atprecis Sync="TRUE">0</atprecis><attscale Sync="TRUE">0</attscale></attr><attr><attrlabl Sync="TRUE">Kecamatan</attrlabl><attalias Sync="TRUE">Kecamatan</attalias><attrtype Sync="TRUE">String</attrtype><attwidth Sync="TRUE">20</attwidth><atprecis Sync="TRUE">0</atprecis><attscale Sync="TRUE">0</attscale></attr><attr><attrlabl Sync="TRUE">Shape_Length</attrlabl><attalias Sync="TRUE">Shape_Length</attalias><attrtype Sync="TRUE">Double</attrtype><attwidth Sync="TRUE">8</attwidth><atprecis Sync="TRUE">0</atprecis><attscale Sync="TRUE">0</attscale><attrdef Sync="TRUE">Length of feature in internal units.</attrdef><attrdefs Sync="TRUE">Esri</attrdefs><attrdomv><udom Sync="TRUE">Positive real numbers that are automatically generated.</udom></attrdomv></attr><attr><attrlabl Sync="TRUE">Shape_Area</attrlabl><attalias Sync="TRUE">Shape_Area</attalias><attrtype Sync="TRUE">Double</attrtype><attwidth Sync="TRUE">8</attwidth><atprecis Sync="TRUE">0</atprecis><attscale Sync="TRUE">0</attscale><attrdef Sync="TRUE">Area of feature in internal units squared.</attrdef><attrdefs Sync="TRUE">Esri</attrdefs><attrdomv><udom Sync="TRUE">Positive real numbers that are automatically generated.</udom></attrdomv></attr></detailed></eainfo><mdDateSt Sync="TRUE">20220823</mdDateSt><mdChar><CharSetCd value="004" Sync="TRUE"></CharSetCd></mdChar></metadata>
