<?xml version="1.0" encoding="UTF-8"?>
<metadata xml:lang="en"><Esri><CreaDate>20220923</CreaDate><CreaTime>22290600</CreaTime><ArcGISFormat>1.0</ArcGISFormat><SyncOnce>TRUE</SyncOnce><DataProperties><lineage><Process ToolSource="c:\program files (x86)\arcgis\desktop10.8\ArcToolbox\Toolboxes\Data Management Tools.tbx\CalculateField" Date="20220817" Time="113021">CalculateField Lokasi_SP3 Name "Sari Padli" VB #</Process><Process ToolSource="c:\program files (x86)\arcgis\desktop10.8\ArcToolbox\Toolboxes\Data Management Tools.tbx\CalculateField" Date="20220817" Time="113100">CalculateField Lokasi_SP3 Name "Andi Maksudi" VB #</Process><Process ToolSource="c:\program files (x86)\arcgis\desktop10.8\ArcToolbox\Toolboxes\Data Management Tools.tbx\CalculateField" Date="20220817" Time="113213">CalculateField Lokasi_SP3 Name "Ngubi Cahyono" VB #</Process><Process ToolSource="c:\program files (x86)\arcgis\desktop10.8\ArcToolbox\Toolboxes\Data Management Tools.tbx\CalculateField" Date="20220817" Time="113318">CalculateField Lokasi_SP3 Name "Kadri" VB #</Process><Process ToolSource="c:\program files (x86)\arcgis\desktop10.8\ArcToolbox\Toolboxes\Data Management Tools.tbx\CalculateField" Date="20220817" Time="113405">CalculateField Lokasi_SP3 Name "Muryadii" VB #</Process><Process ToolSource="c:\program files (x86)\arcgis\desktop10.8\ArcToolbox\Toolboxes\Data Management Tools.tbx\CalculateField" Date="20220817" Time="113448">CalculateField Lokasi_SP3 Name "Priyono Prawiro" VB #</Process><Process ToolSource="c:\program files (x86)\arcgis\desktop10.8\ArcToolbox\Toolboxes\Data Management Tools.tbx\CalculateField" Date="20220817" Time="113507">CalculateField Lokasi_SP3 Name "Poniyem" VB #</Process><Process ToolSource="c:\program files (x86)\arcgis\desktop10.8\ArcToolbox\Toolboxes\Data Management Tools.tbx\CalculateField" Date="20220817" Time="113911">CalculateField Lokasi_SP3 Name "Muhammad Fahroni" VB #</Process><Process ToolSource="c:\program files (x86)\arcgis\desktop10.8\ArcToolbox\Toolboxes\Data Management Tools.tbx\CalculateField" Date="20220817" Time="114028">CalculateField Lokasi_SP3 Name "Muryadi" VB #</Process></lineage></DataProperties></Esri></metadata>
