<?xml version="1.0" encoding="UTF-8"?>
<metadata xml:lang="id"><Esri><CreaDate>20221109</CreaDate><CreaTime>11094700</CreaTime><ArcGISFormat>1.0</ArcGISFormat><SyncOnce>TRUE</SyncOnce><DataProperties><lineage><Process ToolSource="c:\program files (x86)\arcgis\desktop10.5\ArcToolbox\Toolboxes\Data Management Tools.tbx\CalculateField" Date="20181001" Time="130939">CalculateField Kebun_belum_HGU_Kadastral_des2017 Nomor "[FID] +1" VB #</Process></lineage><itemProps><itemLocation><linkage Sync="TRUE">file://\\ROG-2021\D$\Mobile_App\commondata\kp_&amp;_kebun\Kebun_belum_HGU_Kadastral_des2017</linkage><protocol Sync="TRUE">Local Area Network</protocol></itemLocation></itemProps><copyHistory><copy source="E:\01_GIS\03_PETA_PERIZINAN\KP &amp; KEBUN\Kebun_belum_HGU_Kadastral_des2017" dest="\\ROG-2021\D$\Mobile_App\commondata\kp_&amp;_kebun\Kebun_belum_HGU_Kadastral_des2017" date="20221109" time="11094700"></copy></copyHistory></DataProperties></Esri></metadata>
