<?xml version="1.0" encoding="UTF-8"?>
<metadata xml:lang="en"><Esri><CreaDate>20221109</CreaDate><CreaTime>11094600</CreaTime><ArcGISFormat>1.0</ArcGISFormat><SyncOnce>TRUE</SyncOnce><DataProperties><itemProps><itemLocation><linkage Sync="TRUE">file://\\ROG-2021\D$\Mobile_App\commondata\kp_&amp;_kebun\Kp_Kutim_6_april_2011_galc_emas-1</linkage><protocol Sync="TRUE">Local Area Network</protocol></itemLocation></itemProps><copyHistory><copy source="E:\01_GIS\03_PETA_PERIZINAN\KP &amp; KEBUN\Kp_Kutim_6_april_2011_galc_emas-1" dest="\\ROG-2021\D$\Mobile_App\commondata\kp_&amp;_kebun\Kp_Kutim_6_april_2011_galc_emas-1" date="20221109" time="11094600"></copy></copyHistory></DataProperties></Esri></metadata>
