<?xml version="1.0" encoding="UTF-8"?>
<metadata xml:lang="en"><Esri><CreaDate>20220803</CreaDate><CreaTime>22190800</CreaTime><ArcGISFormat>1.0</ArcGISFormat><SyncOnce>TRUE</SyncOnce><DataProperties><lineage><Process ToolSource="c:\program files (x86)\arcgis\desktop10.8\ArcToolbox\Toolboxes\Data Management Tools.tbx\CalculateField" Date="20220803" Time="221908">CalculateField 01_Kabo_Sangatta_Utara_25_Ha Tahun "2021" VB #</Process><Process ToolSource="c:\program files (x86)\arcgis\desktop10.8\ArcToolbox\Toolboxes\Data Management Tools.tbx\CalculateField" Date="20220803" Time="221939">CalculateField 01_Kabo_Sangatta_Utara_25_Ha Nama "Blok_II_Desa_Swargabara" VB #</Process></lineage></DataProperties></Esri></metadata>
