<?xml version="1.0" encoding="UTF-8"?>
<metadata xml:lang="en"><Esri><CreaDate>20221109</CreaDate><CreaTime>11094500</CreaTime><ArcGISFormat>1.0</ArcGISFormat><SyncOnce>FALSE</SyncOnce><DataProperties><itemProps><itemName Sync="TRUE">Lahan Kritis Z50N</itemName><imsContentType Sync="TRUE">002</imsContentType><itemSize Sync="TRUE">0.000</itemSize><itemLocation><linkage Sync="TRUE">file://\\ROG-2021\D$\Mobile_App\commondata\share_bahan_training\Lahan_Kritis_Z50N</linkage><protocol Sync="TRUE">Local Area Network</protocol></itemLocation></itemProps><coordRef><type Sync="TRUE">Projected</type><geogcsn Sync="TRUE">GCS_WGS_1984</geogcsn><csUnits Sync="TRUE">Linear Unit: Meter (1.000000)</csUnits><peXml Sync="TRUE">&lt;ProjectedCoordinateSystem xsi:type='typens:ProjectedCoordinateSystem' xmlns:xsi='http://www.w3.org/2001/XMLSchema-instance' xmlns:xs='http://www.w3.org/2001/XMLSchema' xmlns:typens='http://www.esri.com/schemas/ArcGIS/10.8'&gt;&lt;WKT&gt;PROJCS[&amp;quot;WGS_1984_UTM_Zone_50N&amp;quot;,GEOGCS[&amp;quot;GCS_WGS_1984&amp;quot;,DATUM[&amp;quot;D_WGS_1984&amp;quot;,SPHEROID[&amp;quot;WGS_1984&amp;quot;,6378137.0,298.257223563]],PRIMEM[&amp;quot;Greenwich&amp;quot;,0.0],UNIT[&amp;quot;Degree&amp;quot;,0.0174532925199433]],PROJECTION[&amp;quot;Transverse_Mercator&amp;quot;],PARAMETER[&amp;quot;False_Easting&amp;quot;,500000.0],PARAMETER[&amp;quot;False_Northing&amp;quot;,0.0],PARAMETER[&amp;quot;Central_Meridian&amp;quot;,117.0],PARAMETER[&amp;quot;Scale_Factor&amp;quot;,0.9996],PARAMETER[&amp;quot;Latitude_Of_Origin&amp;quot;,0.0],UNIT[&amp;quot;Meter&amp;quot;,1.0]],VERTCS[&amp;quot;EGM2008_Geoid&amp;quot;,VDATUM[&amp;quot;EGM2008_Geoid&amp;quot;],PARAMETER[&amp;quot;Vertical_Shift&amp;quot;,0.0],PARAMETER[&amp;quot;Direction&amp;quot;,1.0],UNIT[&amp;quot;Meter&amp;quot;,1.0]]&lt;/WKT&gt;&lt;XOrigin&gt;-5120900&lt;/XOrigin&gt;&lt;YOrigin&gt;-9998100&lt;/YOrigin&gt;&lt;XYScale&gt;450445547.3910538&lt;/XYScale&gt;&lt;ZOrigin&gt;-100000&lt;/ZOrigin&gt;&lt;ZScale&gt;10000&lt;/ZScale&gt;&lt;MOrigin&gt;-100000&lt;/MOrigin&gt;&lt;MScale&gt;10000&lt;/MScale&gt;&lt;XYTolerance&gt;0.001&lt;/XYTolerance&gt;&lt;ZTolerance&gt;0.001&lt;/ZTolerance&gt;&lt;MTolerance&gt;0.001&lt;/MTolerance&gt;&lt;HighPrecision&gt;true&lt;/HighPrecision&gt;&lt;WKID&gt;32650&lt;/WKID&gt;&lt;LatestWKID&gt;32650&lt;/LatestWKID&gt;&lt;VCSWKID&gt;105790&lt;/VCSWKID&gt;&lt;LatestVCSWKID&gt;3855&lt;/LatestVCSWKID&gt;&lt;/ProjectedCoordinateSystem&gt;</peXml><projcsn Sync="TRUE">WGS_1984_UTM_Zone_50N</projcsn></coordRef><lineage><Process ToolSource="c:\program files (x86)\arcgis\desktop10.8\ArcToolbox\Toolboxes\Data Management Tools.tbx\Merge" Date="20210512" Time="104456">Merge bali_nusa;jawa;kalimantan;maluku;papua;sulawesi;sumatera "F:\GeoDataBase\FIX\lahan kritis\LahanKritis_indo.shp" "OID_ "OID_" true true false 10 Long 0 10 ,First,#,bali_nusa,OID_,-1,-1,jawa,OID_,-1,-1,kalimantan,OID_,-1,-1,maluku,OID_,-1,-1,papua,OID_,-1,-1,sulawesi,OID_,-1,-1,sumatera,OID_,-1,-1;Name "Name" true true false 254 Text 0 0 ,First,#,bali_nusa,Name,-1,-1,jawa,Name,-1,-1,kalimantan,Name,-1,-1,maluku,Name,-1,-1,papua,Name,-1,-1,sulawesi,Name,-1,-1,sumatera,Name,-1,-1;FolderPath "FolderPath" true true false 254 Text 0 0 ,First,#,bali_nusa,FolderPath,-1,-1,jawa,FolderPath,-1,-1,kalimantan,FolderPath,-1,-1,maluku,FolderPath,-1,-1,papua,FolderPath,-1,-1,sulawesi,FolderPath,-1,-1,sumatera,FolderPath,-1,-1;SymbolID "SymbolID" true true false 10 Long 0 10 ,First,#,bali_nusa,SymbolID,-1,-1,jawa,SymbolID,-1,-1,kalimantan,SymbolID,-1,-1,maluku,SymbolID,-1,-1,papua,SymbolID,-1,-1,sulawesi,SymbolID,-1,-1,sumatera,SymbolID,-1,-1;AltMode "AltMode" true true false 5 Long 0 5 ,First,#,bali_nusa,AltMode,-1,-1,jawa,AltMode,-1,-1,kalimantan,AltMode,-1,-1,maluku,AltMode,-1,-1,papua,AltMode,-1,-1,sulawesi,AltMode,-1,-1,sumatera,AltMode,-1,-1;Base "Base" true true false 19 Double 0 0 ,First,#,bali_nusa,Base,-1,-1,jawa,Base,-1,-1,kalimantan,Base,-1,-1,maluku,Base,-1,-1,papua,Base,-1,-1,sulawesi,Base,-1,-1,sumatera,Base,-1,-1;Clamped "Clamped" true true false 5 Long 0 5 ,First,#,bali_nusa,Clamped,-1,-1,jawa,Clamped,-1,-1,kalimantan,Clamped,-1,-1,maluku,Clamped,-1,-1,papua,Clamped,-1,-1,sulawesi,Clamped,-1,-1,sumatera,Clamped,-1,-1;Extruded "Extruded" true true false 5 Long 0 5 ,First,#,bali_nusa,Extruded,-1,-1,jawa,Extruded,-1,-1,kalimantan,Extruded,-1,-1,maluku,Extruded,-1,-1,papua,Extruded,-1,-1,sulawesi,Extruded,-1,-1,sumatera,Extruded,-1,-1;Snippet "Snippet" true true false 254 Text 0 0 ,First,#,bali_nusa,Snippet,-1,-1,jawa,Snippet,-1,-1,kalimantan,Snippet,-1,-1,maluku,Snippet,-1,-1,papua,Snippet,-1,-1,sulawesi,Snippet,-1,-1,sumatera,Snippet,-1,-1;PopupInfo "PopupInfo" true true false 254 Text 0 0 ,First,#,bali_nusa,PopupInfo,-1,-1,jawa,PopupInfo,-1,-1,kalimantan,PopupInfo,-1,-1,maluku,PopupInfo,-1,-1,papua,PopupInfo,-1,-1,sulawesi,PopupInfo,-1,-1,sumatera,PopupInfo,-1,-1;Shape_Leng "Shape_Leng" true true false 19 Double 0 0 ,First,#,bali_nusa,Shape_Leng,-1,-1,jawa,Shape_Leng,-1,-1,kalimantan,Shape_Leng,-1,-1,maluku,Shape_Leng,-1,-1,papua,Shape_Leng,-1,-1,sulawesi,Shape_Leng,-1,-1,sumatera,Shape_Leng,-1,-1;Shape_Area "Shape_Area" true true false 19 Double 0 0 ,First,#,bali_nusa,Shape_Area,-1,-1,jawa,Shape_Area,-1,-1,kalimantan,Shape_Area,-1,-1,maluku,Shape_Area,-1,-1,papua,Shape_Area,-1,-1,sulawesi,Shape_Area,-1,-1,sumatera,Shape_Area,-1,-1"</Process><Process ToolSource="c:\program files (x86)\arcgis\desktop10.8\ArcToolbox\Toolboxes\Data Management Tools.tbx\Dissolve" Date="20210512" Time="105210">Dissolve LahanKritis_indo C:\Users\ACER\Documents\ArcGIS\Default.gdb\LahanKritis_indo_Dissolve FolderPath # MULTI_PART DISSOLVE_LINES</Process><Process ToolSource="c:\program files (x86)\arcgis\desktop10.8\ArcToolbox\Toolboxes\Analysis Tools.tbx\Clip" Date="20220710" Time="134015">Clip LahanKritis_indonesia Land_Cover_2020_Kalimantan C:\SEGAR\DATASPATIAL\SPAT_KALTIM\SPAT_KALTIM_PROV\DBHDR\Lahan_Kritis_Kalimantan.shp #</Process><Process ToolSource="c:\program files (x86)\arcgis\desktop10.8\ArcToolbox\Toolboxes\Analysis Tools.tbx\Clip" Date="20220714" Time="120259">Clip "Lahan kritis KLHK" "Admin Kutim Z50N" "C:\SEGAR\DATASPATIAL\SPAT_KALTIM\SPAT_KALTIM_PROV\DBHDR\Lahan Kritis Z50N.shp" #</Process></lineage><copyHistory><copy source="E:\01_GIS\04_PETA_OVERLAY\LAHAN KRITIS\SHARE BAHAN TRAINING\Lahan_Kritis_Z50N" dest="\\ROG-2021\D$\Mobile_App\commondata\share_bahan_training\Lahan_Kritis_Z50N" date="20221109" time="11094500"></copy></copyHistory></DataProperties><SyncDate>20220714</SyncDate><SyncTime>12025000</SyncTime><ModDate>20220714</ModDate><ModTime>12025000</ModTime></Esri><dataIdInfo><envirDesc Sync="TRUE"> Version 6.2 (Build 9200) ; Esri ArcGIS 10.8.1.14362</envirDesc><dataLang><languageCode value="eng" Sync="TRUE"></languageCode><countryCode value="USA" Sync="TRUE"></countryCode></dataLang><idCitation><resTitle Sync="TRUE">Lahan Kritis Z50N</resTitle><presForm><PresFormCd value="005" Sync="TRUE"></PresFormCd></presForm></idCitation><spatRpType><SpatRepTypCd value="001" Sync="TRUE"></SpatRepTypCd></spatRpType></dataIdInfo><mdLang><languageCode value="eng" Sync="TRUE"></languageCode><countryCode value="USA" Sync="TRUE"></countryCode></mdLang><mdChar><CharSetCd value="004" Sync="TRUE"></CharSetCd></mdChar><distInfo><distFormat><formatName Sync="TRUE">Shapefile</formatName></distFormat><distTranOps><transSize Sync="TRUE">0.000</transSize></distTranOps></distInfo><mdHrLv><ScopeCd value="005" Sync="TRUE"></ScopeCd></mdHrLv><mdHrLvName Sync="TRUE">dataset</mdHrLvName><refSysInfo><RefSystem><refSysID><identCode code="32650" Sync="TRUE"></identCode><idCodeSpace Sync="TRUE">EPSG</idCodeSpace><idVersion Sync="TRUE">6.11.1(3.0.1)</idVersion></refSysID></RefSystem></refSysInfo><spatRepInfo><VectSpatRep><geometObjs Name="Lahan Kritis Z50N"><geoObjTyp><GeoObjTypCd value="002" Sync="TRUE"></GeoObjTypCd></geoObjTyp><geoObjCnt Sync="TRUE">0</geoObjCnt></geometObjs><topLvl><TopoLevCd value="001" Sync="TRUE"></TopoLevCd></topLvl></VectSpatRep></spatRepInfo><spdoinfo><ptvctinf><esriterm Name="Lahan Kritis Z50N"><efeatyp Sync="TRUE">Simple</efeatyp><efeageom code="4" Sync="TRUE"></efeageom><esritopo Sync="TRUE">FALSE</esritopo><efeacnt Sync="TRUE">0</efeacnt><spindex Sync="TRUE">FALSE</spindex><linrefer Sync="TRUE">TRUE</linrefer></esriterm></ptvctinf></spdoinfo><eainfo><detailed Name="Lahan Kritis Z50N"><enttyp><enttypl Sync="TRUE">Lahan Kritis Z50N</enttypl><enttypt Sync="TRUE">Feature Class</enttypt><enttypc Sync="TRUE">0</enttypc></enttyp><attr><attrlabl Sync="TRUE">FID</attrlabl><attalias Sync="TRUE">FID</attalias><attrtype Sync="TRUE">OID</attrtype><attwidth Sync="TRUE">4</attwidth><atprecis Sync="TRUE">0</atprecis><attscale Sync="TRUE">0</attscale><attrdef Sync="TRUE">Internal feature number.</attrdef><attrdefs Sync="TRUE">Esri</attrdefs><attrdomv><udom Sync="TRUE">Sequential unique whole numbers that are automatically generated.</udom></attrdomv></attr><attr><attrlabl Sync="TRUE">OBJECTID</attrlabl><attalias Sync="TRUE">OBJECTID</attalias><attrtype Sync="TRUE">Integer</attrtype><attwidth Sync="TRUE">10</attwidth><atprecis Sync="TRUE">10</atprecis><attscale Sync="TRUE">0</attscale><attrdef Sync="TRUE">Internal feature number.</attrdef><attrdefs Sync="TRUE">Esri</attrdefs><attrdomv><udom Sync="TRUE">Sequential unique whole numbers that are automatically generated.</udom></attrdomv></attr><attr><attrlabl Sync="TRUE">Shape</attrlabl><attalias Sync="TRUE">Shape</attalias><attrtype Sync="TRUE">Geometry</attrtype><attwidth Sync="TRUE">0</attwidth><atprecis Sync="TRUE">0</atprecis><attscale Sync="TRUE">0</attscale><attrdef Sync="TRUE">Feature geometry.</attrdef><attrdefs Sync="TRUE">Esri</attrdefs><attrdomv><udom Sync="TRUE">Coordinates defining the features.</udom></attrdomv></attr><attr><attrlabl Sync="TRUE">FolderPath</attrlabl><attalias Sync="TRUE">FolderPath</attalias><attrtype Sync="TRUE">String</attrtype><attwidth Sync="TRUE">254</attwidth><atprecis Sync="TRUE">0</atprecis><attscale Sync="TRUE">0</attscale></attr><attr><attrlabl Sync="TRUE">Shape_Leng</attrlabl><attalias Sync="TRUE">Shape_Leng</attalias><attrtype Sync="TRUE">Double</attrtype><attwidth Sync="TRUE">19</attwidth><atprecis Sync="TRUE">0</atprecis><attscale Sync="TRUE">0</attscale></attr><attr><attrlabl Sync="TRUE">Shape_Area</attrlabl><attalias Sync="TRUE">Shape_Area</attalias><attrtype Sync="TRUE">Double</attrtype><attwidth Sync="TRUE">19</attwidth><atprecis Sync="TRUE">0</atprecis><attscale Sync="TRUE">0</attscale><attrdef Sync="TRUE">Area of feature in internal units squared.</attrdef><attrdefs Sync="TRUE">Esri</attrdefs><attrdomv><udom Sync="TRUE">Positive real numbers that are automatically generated.</udom></attrdomv></attr></detailed></eainfo><mdDateSt Sync="TRUE">20220714</mdDateSt></metadata>
