<?xml version="1.0" encoding="UTF-8"?>
<metadata xml:lang="id"><Esri><CreaDate>20221109</CreaDate><CreaTime>11095000</CreaTime><SyncOnce>FALSE</SyncOnce><DataProperties><lineage><Process ToolSource="C:\Program Files\ArcGIS\ArcToolbox\Toolboxes\Data Management Tools.tbx\CreateFeatureclass" Date="20101027" Time="153004" Name="" export="">CreateFeatureclass C:\Geodatabase_FDS.gdb\Transportasi DepoKeretaApi_A POLYGON C:\Geodatabase_FDS.gdb\Transportasi\DepoKeretaApi_P DISABLED DISABLED "{B286C06B-0879-11D2-AACA-00C04FA33C20};-450359962737,05 -450359962737,05 10000;#;#;0,001;#;#;IsHighPrecision" # 0 0 0 C:\Geodatabase_FDS.gdb\Transportasi\DepoKeretaApi_A</Process><Process Name="Clip" ToolSource="c:\program files (x86)\arcgis\desktop10.5\ArcToolbox\Toolboxes\Analysis Tools.tbx\Clip" Date="20171101" Time="130455">Clip P:\2017\RBI_25_50_2017\50K\RBI50K_KALIMANTAN.gdb\Transportasi_50K\PELABUHAN_AR_50K P:\2017\RBI_25_50_2017\CLIP\ClipData\IndeksClip\KutaiTimur.shp P:\2017\RBI_25_50_2017\50K_Kab\KUTAITIMUR\PELABUHAN_AR_50K.shp #</Process><Process ToolSource="c:\rsgis\arcgis\desktop10.4\ArcToolbox\Toolboxes\Data Management Tools.tbx\Merge" Date="20190103" Time="064146">Merge PELABUHAN_AR_50K;PEMERINTAHAN_AR_50K;PEMUKIMAN_AR_50K;PENDIDIKAN_AR_50K;PESISIR_AR_50K;PUSKESMAS_AR_50K;RUNWAY_AR_50K;SARANAIBADAH_AR_50K;SUNGAI_AR_50K;TAMANWISATA_AR_50K;TAMBANG_AR_50K;WADUK_AR_50K;AGRIKEBUN_AR_50K;AGRILADANG_AR_50K;AGRISAWAH_AR_50K;AIRPORT_AR_50K;ARENAOLAHRAGA_AR_50K;BANGUNAN_AR_50K;BETING_AR_50K;DANAU_AR_50K;DERMAGA_AR_50K;EMPANG_AR_50K;INDUSTRI_AR_50K;IRIGASI_AR_50K;JALAN_AR_50K;KOLAM_AR_50K;NIAGA_AR_50K;NONAGRIALANG_AR_50K;NONAGRIHUTANBASAH_AR_50K;NONAGRIHUTANKERING_AR_50K;NONAGRISEMAKBELUKAR_AR_50K;PASIR_AR_50K "C:\TLAHAN KUTIM\TLahan_Kutim.shp" "NAMOBJ "NAMOBJ" true true false 50 Text 0 0 ,First,#,PELABUHAN_AR_50K,NAMOBJ,-1,-1,PEMERINTAHAN_AR_50K,NAMOBJ,-1,-1,PEMUKIMAN_AR_50K,NAMOBJ,-1,-1,PENDIDIKAN_AR_50K,NAMOBJ,-1,-1,PESISIR_AR_50K,NAMOBJ,-1,-1,PUSKESMAS_AR_50K,NAMOBJ,-1,-1,RUNWAY_AR_50K,NAMOBJ,-1,-1,SARANAIBADAH_AR_50K,NAMOBJ,-1,-1,SUNGAI_AR_50K,NAMOBJ,-1,-1,TAMANWISATA_AR_50K,NAMOBJ,-1,-1,TAMBANG_AR_50K,NAMOBJ,-1,-1,WADUK_AR_50K,NAMOBJ,-1,-1,AGRIKEBUN_AR_50K,NAMOBJ,-1,-1,AGRILADANG_AR_50K,NAMOBJ,-1,-1,AGRISAWAH_AR_50K,NAMOBJ,-1,-1,AIRPORT_AR_50K,NAMOBJ,-1,-1,ARENAOLAHRAGA_AR_50K,NAMOBJ,-1,-1,BANGUNAN_AR_50K,NAMOBJ,-1,-1,BETING_AR_50K,NAMOBJ,-1,-1,DANAU_AR_50K,NAMOBJ,-1,-1,DERMAGA_AR_50K,NAMOBJ,-1,-1,EMPANG_AR_50K,NAMOBJ,-1,-1,INDUSTRI_AR_50K,NAMOBJ,-1,-1,IRIGASI_AR_50K,NAMOBJ,-1,-1,KOLAM_AR_50K,NAMOBJ,-1,-1,NIAGA_AR_50K,NAMOBJ,-1,-1,NONAGRIALANG_AR_50K,NAMOBJ,-1,-1,NONAGRIHUTANBASAH_AR_50K,NAMOBJ,-1,-1,NONAGRIHUTANKERING_AR_50K,NAMOBJ,-1,-1,NONAGRISEMAKBELUKAR_AR_50K,NAMOBJ,-1,-1,PASIR_AR_50K,NAMOBJ,-1,-1;FCODE "FCODE" true true false 50 Text 0 0 ,First,#,PELABUHAN_AR_50K,FCODE,-1,-1,PEMERINTAHAN_AR_50K,FCODE,-1,-1,PEMUKIMAN_AR_50K,FCODE,-1,-1,PENDIDIKAN_AR_50K,FCODE,-1,-1,PESISIR_AR_50K,FCODE,-1,-1,PUSKESMAS_AR_50K,FCODE,-1,-1,RUNWAY_AR_50K,FCODE,-1,-1,SARANAIBADAH_AR_50K,FCODE,-1,-1,SUNGAI_AR_50K,FCODE,-1,-1,TAMANWISATA_AR_50K,FCODE,-1,-1,TAMBANG_AR_50K,FCODE,-1,-1,WADUK_AR_50K,FCODE,-1,-1,AGRIKEBUN_AR_50K,FCODE,-1,-1,AGRILADANG_AR_50K,FCODE,-1,-1,AGRISAWAH_AR_50K,FCODE,-1,-1,AIRPORT_AR_50K,FCODE,-1,-1,ARENAOLAHRAGA_AR_50K,FCODE,-1,-1,BANGUNAN_AR_50K,FCODE,-1,-1,BETING_AR_50K,FCODE,-1,-1,DANAU_AR_50K,FCODE,-1,-1,DERMAGA_AR_50K,FCODE,-1,-1,EMPANG_AR_50K,FCODE,-1,-1,INDUSTRI_AR_50K,FCODE,-1,-1,IRIGASI_AR_50K,FCODE,-1,-1,JALAN_AR_50K,FCODE,-1,-1,KOLAM_AR_50K,FCODE,-1,-1,NIAGA_AR_50K,FCODE,-1,-1,NONAGRIALANG_AR_50K,FCODE,-1,-1,NONAGRIHUTANBASAH_AR_50K,FCODE,-1,-1,NONAGRIHUTANKERING_AR_50K,FCODE,-1,-1,NONAGRISEMAKBELUKAR_AR_50K,FCODE,-1,-1,PASIR_AR_50K,FCODE,-1,-1;JNSPEL "JNSPEL" true true false 10 Long 0 10 ,First,#,PELABUHAN_AR_50K,JNSPEL,-1,-1;FGSPEL "FGSPEL" true true false 10 Long 0 10 ,First,#,PELABUHAN_AR_50K,FGSPEL,-1,-1;ADMPEL "ADMPEL" true true false 10 Long 0 10 ,First,#,PELABUHAN_AR_50K,ADMPEL,-1,-1;KODPEL "KODPEL" true true false 50 Text 0 0 ,First,#,PELABUHAN_AR_50K,KODPEL,-1,-1;KLSPEL "KLSPEL" true true false 10 Long 0 10 ,First,#,PELABUHAN_AR_50K,KLSPEL,-1,-1;STATUS "STATUS" true true false 10 Long 0 10 ,First,#,PELABUHAN_AR_50K,STATUS,-1,-1;KONKON "KONKON" true true false 10 Long 0 10 ,First,#,PELABUHAN_AR_50K,KONKON,-1,-1;PJAPEL "PJAPEL" true true false 19 Double 0 0 ,First,#,PELABUHAN_AR_50K,PJAPEL,-1,-1;LAMPEL "LAMPEL" true true false 19 Double 0 0 ,First,#,PELABUHAN_AR_50K,LAMPEL,-1,-1;LUAS "LUAS" true true false 19 Double 0 0 ,First,#,PELABUHAN_AR_50K,LUAS,-1,-1,DERMAGA_AR_50K,LUAS,-1,-1,INDUSTRI_AR_50K,LUAS,-1,-1,NIAGA_AR_50K,LUAS,-1,-1;KMXPEL "KMXPEL" true true false 19 Double 0 0 ,First,#,PELABUHAN_AR_50K,KMXPEL,-1,-1;KMNPEL "KMNPEL" true true false 19 Double 0 0 ,First,#,PELABUHAN_AR_50K,KMNPEL,-1,-1;STPPEL "STPPEL" true true false 50 Text 0 0 ,First,#,PELABUHAN_AR_50K,STPPEL,-1,-1;SRPPEL "SRPPEL" true true false 50 Text 0 0 ,First,#,PELABUHAN_AR_50K,SRPPEL,-1,-1;ALJPEL "ALJPEL" true true false 50 Text 0 0 ,First,#,PELABUHAN_AR_50K,ALJPEL,-1,-1;REMARK "REMARK" true true false 250 Text 0 0 ,First,#,PELABUHAN_AR_50K,REMARK,-1,-1,PEMERINTAHAN_AR_50K,REMARK,-1,-1,PEMUKIMAN_AR_50K,REMARK,-1,-1,PENDIDIKAN_AR_50K,REMARK,-1,-1,PESISIR_AR_50K,REMARK,-1,-1,PUSKESMAS_AR_50K,REMARK,-1,-1,RUNWAY_AR_50K,REMARK,-1,-1,SARANAIBADAH_AR_50K,REMARK,-1,-1,SUNGAI_AR_50K,REMARK,-1,-1,TAMANWISATA_AR_50K,REMARK,-1,-1,TAMBANG_AR_50K,REMARK,-1,-1,WADUK_AR_50K,REMARK,-1,-1,AGRIKEBUN_AR_50K,REMARK,-1,-1,AGRILADANG_AR_50K,REMARK,-1,-1,AGRISAWAH_AR_50K,REMARK,-1,-1,AIRPORT_AR_50K,REMARK,-1,-1,ARENAOLAHRAGA_AR_50K,REMARK,-1,-1,BANGUNAN_AR_50K,REMARK,-1,-1,BETING_AR_50K,REMARK,-1,-1,DANAU_AR_50K,REMARK,-1,-1,DERMAGA_AR_50K,REMARK,-1,-1,EMPANG_AR_50K,REMARK,-1,-1,INDUSTRI_AR_50K,REMARK,-1,-1,IRIGASI_AR_50K,REMARK,-1,-1,JALAN_AR_50K,REMARK,-1,-1,KOLAM_AR_50K,REMARK,-1,-1,NIAGA_AR_50K,REMARK,-1,-1,NONAGRIALANG_AR_50K,REMARK,-1,-1,NONAGRIHUTANBASAH_AR_50K,REMARK,-1,-1,NONAGRIHUTANKERING_AR_50K,REMARK,-1,-1,NONAGRISEMAKBELUKAR_AR_50K,REMARK,-1,-1,PASIR_AR_50K,REMARK,-1,-1;SRS_ID "SRS_ID" true true false 50 Text 0 0 ,First,#,PELABUHAN_AR_50K,SRS_ID,-1,-1,PEMERINTAHAN_AR_50K,SRS_ID,-1,-1,PEMUKIMAN_AR_50K,SRS_ID,-1,-1,PENDIDIKAN_AR_50K,SRS_ID,-1,-1,PESISIR_AR_50K,SRS_ID,-1,-1,PUSKESMAS_AR_50K,SRS_ID,-1,-1,RUNWAY_AR_50K,SRS_ID,-1,-1,SARANAIBADAH_AR_50K,SRS_ID,-1,-1,SUNGAI_AR_50K,SRS_ID,-1,-1,TAMANWISATA_AR_50K,SRS_ID,-1,-1,TAMBANG_AR_50K,SRS_ID,-1,-1,WADUK_AR_50K,SRS_ID,-1,-1,AGRIKEBUN_AR_50K,SRS_ID,-1,-1,AGRILADANG_AR_50K,SRS_ID,-1,-1,AGRISAWAH_AR_50K,SRS_ID,-1,-1,AIRPORT_AR_50K,SRS_ID,-1,-1,ARENAOLAHRAGA_AR_50K,SRS_ID,-1,-1,BANGUNAN_AR_50K,SRS_ID,-1,-1,BETING_AR_50K,SRS_ID,-1,-1,DANAU_AR_50K,SRS_ID,-1,-1,DERMAGA_AR_50K,SRS_ID,-1,-1,EMPANG_AR_50K,SRS_ID,-1,-1,INDUSTRI_AR_50K,SRS_ID,-1,-1,IRIGASI_AR_50K,SRS_ID,-1,-1,JALAN_AR_50K,SRS_ID,-1,-1,KOLAM_AR_50K,SRS_ID,-1,-1,NIAGA_AR_50K,SRS_ID,-1,-1,NONAGRIALANG_AR_50K,SRS_ID,-1,-1,NONAGRIHUTANBASAH_AR_50K,SRS_ID,-1,-1,NONAGRIHUTANKERING_AR_50K,SRS_ID,-1,-1,NONAGRISEMAKBELUKAR_AR_50K,SRS_ID,-1,-1,PASIR_AR_50K,SRS_ID,-1,-1;LCODE "LCODE" true true false 50 Text 0 0 ,First,#,PELABUHAN_AR_50K,LCODE,-1,-1,PEMERINTAHAN_AR_50K,LCODE,-1,-1,PEMUKIMAN_AR_50K,LCODE,-1,-1,PENDIDIKAN_AR_50K,LCODE,-1,-1,PESISIR_AR_50K,LCODE,-1,-1,PUSKESMAS_AR_50K,LCODE,-1,-1,RUNWAY_AR_50K,LCODE,-1,-1,SARANAIBADAH_AR_50K,LCODE,-1,-1,SUNGAI_AR_50K,LCODE,-1,-1,TAMANWISATA_AR_50K,LCODE,-1,-1,TAMBANG_AR_50K,LCODE,-1,-1,WADUK_AR_50K,LCODE,-1,-1,AGRIKEBUN_AR_50K,LCODE,-1,-1,AGRILADANG_AR_50K,LCODE,-1,-1,AGRISAWAH_AR_50K,LCODE,-1,-1,AIRPORT_AR_50K,LCODE,-1,-1,ARENAOLAHRAGA_AR_50K,LCODE,-1,-1,BANGUNAN_AR_50K,LCODE,-1,-1,BETING_AR_50K,LCODE,-1,-1,DANAU_AR_50K,LCODE,-1,-1,DERMAGA_AR_50K,LCODE,-1,-1,EMPANG_AR_50K,LCODE,-1,-1,INDUSTRI_AR_50K,LCODE,-1,-1,IRIGASI_AR_50K,LCODE,-1,-1,JALAN_AR_50K,LCODE,-1,-1,KOLAM_AR_50K,LCODE,-1,-1,NIAGA_AR_50K,LCODE,-1,-1,NONAGRIALANG_AR_50K,LCODE,-1,-1,NONAGRIHUTANBASAH_AR_50K,LCODE,-1,-1,NONAGRIHUTANKERING_AR_50K,LCODE,-1,-1,NONAGRISEMAKBELUKAR_AR_50K,LCODE,-1,-1,PASIR_AR_50K,LCODE,-1,-1;METADATA "METADATA" true true false 50 Text 0 0 ,First,#,PELABUHAN_AR_50K,METADATA,-1,-1,PEMERINTAHAN_AR_50K,METADATA,-1,-1,PEMUKIMAN_AR_50K,METADATA,-1,-1,PENDIDIKAN_AR_50K,METADATA,-1,-1,PESISIR_AR_50K,METADATA,-1,-1,PUSKESMAS_AR_50K,METADATA,-1,-1,RUNWAY_AR_50K,METADATA,-1,-1,SARANAIBADAH_AR_50K,METADATA,-1,-1,SUNGAI_AR_50K,METADATA,-1,-1,TAMANWISATA_AR_50K,METADATA,-1,-1,TAMBANG_AR_50K,METADATA,-1,-1,WADUK_AR_50K,METADATA,-1,-1,AGRIKEBUN_AR_50K,METADATA,-1,-1,AGRILADANG_AR_50K,METADATA,-1,-1,AGRISAWAH_AR_50K,METADATA,-1,-1,AIRPORT_AR_50K,METADATA,-1,-1,ARENAOLAHRAGA_AR_50K,METADATA,-1,-1,BANGUNAN_AR_50K,METADATA,-1,-1,BETING_AR_50K,METADATA,-1,-1,DANAU_AR_50K,METADATA,-1,-1,DERMAGA_AR_50K,METADATA,-1,-1,EMPANG_AR_50K,METADATA,-1,-1,INDUSTRI_AR_50K,METADATA,-1,-1,IRIGASI_AR_50K,METADATA,-1,-1,JALAN_AR_50K,METADATA,-1,-1,KOLAM_AR_50K,METADATA,-1,-1,NIAGA_AR_50K,METADATA,-1,-1,NONAGRIALANG_AR_50K,METADATA,-1,-1,NONAGRIHUTANBASAH_AR_50K,METADATA,-1,-1,NONAGRIHUTANKERING_AR_50K,METADATA,-1,-1,NONAGRISEMAKBELUKAR_AR_50K,METADATA,-1,-1,PASIR_AR_50K,METADATA,-1,-1;DEEPAR "DEEPAR" true true false 50 Text 0 0 ,First,#,PELABUHAN_AR_50K,DEEPAR,-1,-1;SHAPE_Leng "SHAPE_Leng" true true false 19 Double 0 0 ,First,#,PELABUHAN_AR_50K,SHAPE_Leng,-1,-1,PEMERINTAHAN_AR_50K,SHAPE_Leng,-1,-1,PEMUKIMAN_AR_50K,SHAPE_Leng,-1,-1,PENDIDIKAN_AR_50K,SHAPE_Leng,-1,-1,PESISIR_AR_50K,SHAPE_Leng,-1,-1,PUSKESMAS_AR_50K,SHAPE_Leng,-1,-1,RUNWAY_AR_50K,SHAPE_Leng,-1,-1,SARANAIBADAH_AR_50K,SHAPE_Leng,-1,-1,SUNGAI_AR_50K,SHAPE_Leng,-1,-1,TAMANWISATA_AR_50K,SHAPE_Leng,-1,-1,TAMBANG_AR_50K,SHAPE_Leng,-1,-1,WADUK_AR_50K,SHAPE_Leng,-1,-1,AGRIKEBUN_AR_50K,SHAPE_Leng,-1,-1,AGRILADANG_AR_50K,SHAPE_Leng,-1,-1,AGRISAWAH_AR_50K,SHAPE_Leng,-1,-1,AIRPORT_AR_50K,SHAPE_Leng,-1,-1,ARENAOLAHRAGA_AR_50K,SHAPE_Leng,-1,-1,BANGUNAN_AR_50K,SHAPE_Leng,-1,-1,BETING_AR_50K,SHAPE_Leng,-1,-1,DANAU_AR_50K,SHAPE_Leng,-1,-1,DERMAGA_AR_50K,SHAPE_Leng,-1,-1,EMPANG_AR_50K,SHAPE_Leng,-1,-1,INDUSTRI_AR_50K,SHAPE_Leng,-1,-1,IRIGASI_AR_50K,SHAPE_Leng,-1,-1,JALAN_AR_50K,SHAPE_Leng,-1,-1,KOLAM_AR_50K,SHAPE_Leng,-1,-1,NIAGA_AR_50K,SHAPE_Leng,-1,-1,NONAGRIALANG_AR_50K,SHAPE_Leng,-1,-1,NONAGRIHUTANBASAH_AR_50K,SHAPE_Leng,-1,-1,NONAGRIHUTANKERING_AR_50K,SHAPE_Leng,-1,-1,NONAGRISEMAKBELUKAR_AR_50K,SHAPE_Leng,-1,-1,PASIR_AR_50K,SHAPE_Leng,-1,-1;SHAPE_Area "SHAPE_Area" true true false 19 Double 0 0 ,First,#,PELABUHAN_AR_50K,SHAPE_Area,-1,-1,PEMERINTAHAN_AR_50K,SHAPE_Area,-1,-1,PEMUKIMAN_AR_50K,SHAPE_Area,-1,-1,PENDIDIKAN_AR_50K,SHAPE_Area,-1,-1,PESISIR_AR_50K,SHAPE_Area,-1,-1,PUSKESMAS_AR_50K,SHAPE_Area,-1,-1,RUNWAY_AR_50K,SHAPE_Area,-1,-1,SARANAIBADAH_AR_50K,SHAPE_Area,-1,-1,SUNGAI_AR_50K,SHAPE_Area,-1,-1,TAMANWISATA_AR_50K,SHAPE_Area,-1,-1,TAMBANG_AR_50K,SHAPE_Area,-1,-1,WADUK_AR_50K,SHAPE_Area,-1,-1,AGRIKEBUN_AR_50K,SHAPE_Area,-1,-1,AGRILADANG_AR_50K,SHAPE_Area,-1,-1,AGRISAWAH_AR_50K,SHAPE_Area,-1,-1,AIRPORT_AR_50K,SHAPE_Area,-1,-1,ARENAOLAHRAGA_AR_50K,SHAPE_Area,-1,-1,BANGUNAN_AR_50K,SHAPE_Area,-1,-1,BETING_AR_50K,SHAPE_Area,-1,-1,DANAU_AR_50K,SHAPE_Area,-1,-1,DERMAGA_AR_50K,SHAPE_Area,-1,-1,EMPANG_AR_50K,SHAPE_Area,-1,-1,INDUSTRI_AR_50K,SHAPE_Area,-1,-1,IRIGASI_AR_50K,SHAPE_Area,-1,-1,JALAN_AR_50K,SHAPE_Area,-1,-1,KOLAM_AR_50K,SHAPE_Area,-1,-1,NIAGA_AR_50K,SHAPE_Area,-1,-1,NONAGRIALANG_AR_50K,SHAPE_Area,-1,-1,NONAGRIHUTANBASAH_AR_50K,SHAPE_Area,-1,-1,NONAGRIHUTANKERING_AR_50K,SHAPE_Area,-1,-1,NONAGRISEMAKBELUKAR_AR_50K,SHAPE_Area,-1,-1,PASIR_AR_50K,SHAPE_Area,-1,-1;FGSGOV "FGSGOV" true true false 10 Long 0 10 ,First,#,PEMERINTAHAN_AR_50K,FGSGOV,-1,-1;KATPDK "KATPDK" true true false 10 Long 0 10 ,First,#,PENDIDIKAN_AR_50K,KATPDK,-1,-1;JLPDDK "JLPDDK" true true false 10 Long 0 10 ,First,#,PENDIDIKAN_AR_50K,JLPDDK,-1,-1;FGDPDK "FGDPDK" true true false 10 Long 0 10 ,First,#,PENDIDIKAN_AR_50K,FGDPDK,-1,-1;JNSPDK "JNSPDK" true true false 10 Long 0 10 ,First,#,PENDIDIKAN_AR_50K,JNSPDK,-1,-1;JJGPDF "JJGPDF" true true false 10 Long 0 10 ,First,#,PENDIDIKAN_AR_50K,JJGPDF,-1,-1;TIPPSS "TIPPSS" true true false 10 Long 0 10 ,First,#,PESISIR_AR_50K,TIPPSS,-1,-1;STAPSS "STAPSS" true true false 10 Long 0 10 ,First,#,PESISIR_AR_50K,STAPSS,-1,-1;JNSPAN "JNSPAN" true true false 10 Long 0 10 ,First,#,PESISIR_AR_50K,JNSPAN,-1,-1;KWKPKM "KWKPKM" true true false 10 Long 0 10 ,First,#,PUSKESMAS_AR_50K,KWKPKM,-1,-1;JPLPKM "JPLPKM" true true false 10 Long 0 10 ,First,#,PUSKESMAS_AR_50K,JPLPKM,-1,-1;PKMKODE "PKMKODE" true true false 50 Text 0 0 ,First,#,PUSKESMAS_AR_50K,PKMKODE,-1,-1;PKMKAT "PKMKAT" true true false 10 Long 0 10 ,First,#,PUSKESMAS_AR_50K,PKMKAT,-1,-1;PKMLMT "PKMLMT" true true false 50 Text 0 0 ,First,#,PUSKESMAS_AR_50K,PKMLMT,-1,-1;KMPPKM "KMPPKM" true true false 10 Long 0 10 ,First,#,PUSKESMAS_AR_50K,KMPPKM,-1,-1;ARHSF "ARHSF" true true false 19 Double 0 0 ,First,#,RUNWAY_AR_50K,ARHSF,-1,-1;MAVBMI "MAVBMI" true true false 19 Double 0 0 ,First,#,RUNWAY_AR_50K,MAVBMI,-1,-1,AIRPORT_AR_50K,MAVBMI,-1,-1;DIMHSF "DIMHSF" true true false 50 Text 0 0 ,First,#,RUNWAY_AR_50K,DIMHSF,-1,-1;PCNHSF "PCNHSF" true true false 50 Text 0 0 ,First,#,RUNWAY_AR_50K,PCNHSF,-1,-1;SLPHSF "SLPHSF" true true false 19 Double 0 0 ,First,#,RUNWAY_AR_50K,SLPHSF,-1,-1;DIMSWY "DIMSWY" true true false 50 Text 0 0 ,First,#,RUNWAY_AR_50K,DIMSWY,-1,-1;CWYHSF "CWYHSF" true true false 50 Text 0 0 ,First,#,RUNWAY_AR_50K,CWYHSF,-1,-1;DIMSTR "DIMSTR" true true false 50 Text 0 0 ,First,#,RUNWAY_AR_50K,DIMSTR,-1,-1;OFZHSF "OFZHSF" true true false 50 Text 0 0 ,First,#,RUNWAY_AR_50K,OFZHSF,-1,-1;TIPRWY "TIPRWY" true true false 10 Long 0 10 ,First,#,RUNWAY_AR_50K,TIPRWY,-1,-1;FGSIBD "FGSIBD" true true false 10 Long 0 10 ,First,#,SARANAIBADAH_AR_50K,FGSIBD,-1,-1;JNSSNG "JNSSNG" true true false 10 Long 0 10 ,First,#,SUNGAI_AR_50K,JNSSNG,-1,-1;KLSSNG "KLSSNG" true true false 10 Long 0 10 ,First,#,SUNGAI_AR_50K,KLSSNG,-1,-1;NAMWS "NAMWS" true true false 50 Text 0 0 ,First,#,SUNGAI_AR_50K,NAMWS,-1,-1,DANAU_AR_50K,NAMWS,-1,-1;NAMDAS "NAMDAS" true true false 50 Text 0 0 ,First,#,SUNGAI_AR_50K,NAMDAS,-1,-1,DANAU_AR_50K,NAMDAS,-1,-1;JENOBJ "JENOBJ" true true false 10 Long 0 10 ,First,#,TAMANWISATA_AR_50K,JENOBJ,-1,-1;TPWTMB "TPWTMB" true true false 10 Long 0 10 ,First,#,TAMBANG_AR_50K,TPWTMB,-1,-1;STSWBT "STSWBT" true true false 50 Text 0 0 ,First,#,TAMBANG_AR_50K,STSWBT,-1,-1;ADMIN "ADMIN" true true false 50 Text 0 0 ,First,#,TAMBANG_AR_50K,ADMIN,-1,-1;JNSTBG "JNSTBG" true true false 10 Long 0 10 ,First,#,TAMBANG_AR_50K,JNSTBG,-1,-1;JNSWDK "JNSWDK" true true false 10 Long 0 10 ,First,#,WADUK_AR_50K,JNSWDK,-1,-1;JNSKBN "JNSKBN" true true false 10 Long 0 10 ,First,#,AGRIKEBUN_AR_50K,JNSKBN,-1,-1;PUDATE "PUDATE" true true false 8 Date 0 0 ,First,#,AGRIKEBUN_AR_50K,PUDATE,-1,-1,AGRILADANG_AR_50K,PUDATE,-1,-1,AGRISAWAH_AR_50K,PUDATE,-1,-1,NONAGRIALANG_AR_50K,PUDATE,-1,-1,NONAGRIHUTANBASAH_AR_50K,PUDATE,-1,-1,NONAGRIHUTANKERING_AR_50K,PUDATE,-1,-1,NONAGRISEMAKBELUKAR_AR_50K,PUDATE,-1,-1;AQDATE "AQDATE" true true false 8 Date 0 0 ,First,#,AGRIKEBUN_AR_50K,AQDATE,-1,-1,AGRILADANG_AR_50K,AQDATE,-1,-1,AGRISAWAH_AR_50K,AQDATE,-1,-1,NONAGRIALANG_AR_50K,AQDATE,-1,-1,NONAGRIHUTANBASAH_AR_50K,AQDATE,-1,-1,NONAGRIHUTANKERING_AR_50K,AQDATE,-1,-1,NONAGRISEMAKBELUKAR_AR_50K,AQDATE,-1,-1;KODLCO "KODLCO" true true false 20 Text 0 0 ,First,#,AGRIKEBUN_AR_50K,KODLCO,-1,-1,AGRILADANG_AR_50K,KODLCO,-1,-1,AGRISAWAH_AR_50K,KODLCO,-1,-1,DANAU_AR_50K,KODLCO,-1,-1,NONAGRIHUTANBASAH_AR_50K,KODLCO,-1,-1,NONAGRIHUTANKERING_AR_50K,KODLCO,-1,-1,NONAGRISEMAKBELUKAR_AR_50K,KODLCO,-1,-1;JNSLDG "JNSLDG" true true false 10 Long 0 10 ,First,#,AGRILADANG_AR_50K,JNSLDG,-1,-1;TNMLDG "TNMLDG" true true false 10 Long 0 10 ,First,#,AGRILADANG_AR_50K,TNMLDG,-1,-1;TIPLDG "TIPLDG" true true false 10 Long 0 10 ,First,#,AGRILADANG_AR_50K,TIPLDG,-1,-1;JNSSWH "JNSSWH" true true false 10 Long 0 10 ,First,#,AGRISAWAH_AR_50K,JNSSWH,-1,-1;TNMSWH "TNMSWH" true true false 10 Long 0 10 ,First,#,AGRISAWAH_AR_50K,TNMSWH,-1,-1;KOBDMI "KOBDMI" true true false 50 Text 0 0 ,First,#,AIRPORT_AR_50K,KOBDMI,-1,-1;KDICAO "KDICAO" true true false 50 Text 0 0 ,First,#,AIRPORT_AR_50K,KDICAO,-1,-1;KDIATA "KDIATA" true true false 50 Text 0 0 ,First,#,AIRPORT_AR_50K,KDIATA,-1,-1;ELEVAS "ELEVAS" true true false 19 Double 0 0 ,First,#,AIRPORT_AR_50K,ELEVAS,-1,-1,KOLAM_AR_50K,ELEVAS,-1,-1;LGTBMI "LGTBMI" true true false 19 Double 0 0 ,First,#,AIRPORT_AR_50K,LGTBMI,-1,-1;KATBMI "KATBMI" true true false 10 Long 0 10 ,First,#,AIRPORT_AR_50K,KATBMI,-1,-1;KLSBMI "KLSBMI" true true false 50 Text 0 0 ,First,#,AIRPORT_AR_50K,KLSBMI,-1,-1;ADABMI "ADABMI" true true false 50 Text 0 0 ,First,#,AIRPORT_AR_50K,ADABMI,-1,-1;ADRBMI "ADRBMI" true true false 250 Text 0 0 ,First,#,AIRPORT_AR_50K,ADRBMI,-1,-1;TIPAIP "TIPAIP" true true false 10 Long 0 10 ,First,#,AIRPORT_AR_50K,TIPAIP,-1,-1;TIPLOK "TIPLOK" true true false 10 Long 0 10 ,First,#,AIRPORT_AR_50K,TIPLOK,-1,-1;RUNWAY "RUNWAY" true true false 19 Double 0 0 ,First,#,AIRPORT_AR_50K,RUNWAY,-1,-1;PARK "PARK" true true false 19 Double 0 0 ,First,#,AIRPORT_AR_50K,PARK,-1,-1;LPG "LPG" true true false 10 Long 0 10 ,First,#,AIRPORT_AR_50K,LPG,-1,-1;OTODAN "OTODAN" true true false 10 Long 0 10 ,First,#,DANAU_AR_50K,OTODAN,-1,-1,KOLAM_AR_50K,OTODAN,-1,-1;VOLTAP "VOLTAP" true true false 19 Double 0 0 ,First,#,DANAU_AR_50K,VOLTAP,-1,-1;DTA "DTA" true true false 19 Double 0 0 ,First,#,DANAU_AR_50K,DTA,-1,-1;SEDIMN "SEDIMN" true true false 10 Long 0 10 ,First,#,DANAU_AR_50K,SEDIMN,-1,-1;VLCSDN "VLCSDN" true true false 19 Double 0 0 ,First,#,DANAU_AR_50K,VLCSDN,-1,-1;QUAAR "QUAAR" true true false 10 Long 0 10 ,First,#,DANAU_AR_50K,QUAAR,-1,-1;CRH "CRH" true true false 19 Double 0 0 ,First,#,DANAU_AR_50K,CRH,-1,-1;KPTS "KPTS" true true false 19 Double 0 0 ,First,#,DANAU_AR_50K,KPTS,-1,-1;LOKASI "LOKASI" true true false 50 Text 0 0 ,First,#,DANAU_AR_50K,LOKASI,-1,-1;PMLDRM "PMLDRM" true true false 50 Text 0 0 ,First,#,DERMAGA_AR_50K,PMLDRM,-1,-1;OPRDRM "OPRDRM" true true false 50 Text 0 0 ,First,#,DERMAGA_AR_50K,OPRDRM,-1,-1;LGTDRM "LGTDRM" true true false 19 Double 0 0 ,First,#,DERMAGA_AR_50K,LGTDRM,-1,-1;LBRDRM "LBRDRM" true true false 19 Double 0 0 ,First,#,DERMAGA_AR_50K,LBRDRM,-1,-1;KDLDRM "KDLDRM" true true false 19 Double 0 0 ,First,#,DERMAGA_AR_50K,KDLDRM,-1,-1;KSTDRM "KSTDRM" true true false 50 Text 0 0 ,First,#,DERMAGA_AR_50K,KSTDRM,-1,-1;STRDRM "STRDRM" true true false 50 Text 0 0 ,First,#,DERMAGA_AR_50K,STRDRM,-1,-1;FGSDRM "FGSDRM" true true false 10 Long 0 10 ,First,#,DERMAGA_AR_50K,FGSDRM,-1,-1;KLSBBK "KLSBBK" true true false 10 Long 0 10 ,First,#,INDUSTRI_AR_50K,KLSBBK,-1,-1;KLSTKI "KLSTKI" true true false 10 Long 0 10 ,First,#,INDUSTRI_AR_50K,KLSTKI,-1,-1;KLSPRD "KLSPRD" true true false 10 Long 0 10 ,First,#,INDUSTRI_AR_50K,KLSPRD,-1,-1;KLSBMT "KLSBMT" true true false 10 Long 0 10 ,First,#,INDUSTRI_AR_50K,KLSBMT,-1,-1;KLSLOK "KLSLOK" true true false 10 Long 0 10 ,First,#,INDUSTRI_AR_50K,KLSLOK,-1,-1;KLSPRO "KLSPRO" true true false 10 Long 0 10 ,First,#,INDUSTRI_AR_50K,KLSPRO,-1,-1;KLSKOM "KLSKOM" true true false 10 Long 0 10 ,First,#,INDUSTRI_AR_50K,KLSKOM,-1,-1;KLSMOD "KLSMOD" true true false 10 Long 0 10 ,First,#,INDUSTRI_AR_50K,KLSMOD,-1,-1;KLSJNS "KLSJNS" true true false 10 Long 0 10 ,First,#,INDUSTRI_AR_50K,KLSJNS,-1,-1;NAMRJL "NAMRJL" true true false 128 Text 0 0 ,First,#,JALAN_AR_50K,NAMRJL,-1,-1;KONRJL "KONRJL" true true false 10 Long 0 10 ,First,#,JALAN_AR_50K,KONRJL,-1,-1;MATRJL "MATRJL" true true false 10 Long 0 10 ,First,#,JALAN_AR_50K,MATRJL,-1,-1;FGSRJL "FGSRJL" true true false 10 Long 0 10 ,First,#,JALAN_AR_50K,FGSRJL,-1,-1;UTKRJL "UTKRJL" true true false 10 Long 0 10 ,First,#,JALAN_AR_50K,UTKRJL,-1,-1;TOLRJL "TOLRJL" true true false 10 Long 0 10 ,First,#,JALAN_AR_50K,TOLRJL,-1,-1;WLYRJL "WLYRJL" true true false 10 Long 0 10 ,First,#,JALAN_AR_50K,WLYRJL,-1,-1;AUTRJL "AUTRJL" true true false 10 Long 0 10 ,First,#,JALAN_AR_50K,AUTRJL,-1,-1;KLSRJL "KLSRJL" true true false 10 Long 0 10 ,First,#,JALAN_AR_50K,KLSRJL,-1,-1;SPCRJL "SPCRJL" true true false 10 Long 0 10 ,First,#,JALAN_AR_50K,SPCRJL,-1,-1;JPARJL "JPARJL" true true false 10 Long 0 10 ,First,#,JALAN_AR_50K,JPARJL,-1,-1;ARHRJL "ARHRJL" true true false 10 Long 0 10 ,First,#,JALAN_AR_50K,ARHRJL,-1,-1;STARJL "STARJL" true true false 10 Long 0 10 ,First,#,JALAN_AR_50K,STARJL,-1,-1;KLLRJL "KLLRJL" true true false 80 Text 0 0 ,First,#,JALAN_AR_50K,KLLRJL,-1,-1;MEDRJL "MEDRJL" true true false 10 Long 0 10 ,First,#,JALAN_AR_50K,MEDRJL,-1,-1;LOCRJL "LOCRJL" true true false 10 Long 0 10 ,First,#,JALAN_AR_50K,LOCRJL,-1,-1;JARRJL "JARRJL" true true false 10 Long 0 10 ,First,#,JALAN_AR_50K,JARRJL,-1,-1;LKOLAM "LKOLAM" true true false 19 Double 0 0 ,First,#,KOLAM_AR_50K,LKOLAM,-1,-1;JNSKLM "JNSKLM" true true false 10 Long 0 10 ,First,#,KOLAM_AR_50K,JNSKLM,-1,-1;FUNGSI "FUNGSI" true true false 10 Long 0 10 ,First,#,NIAGA_AR_50K,FUNGSI,-1,-1;FGSKOD "FGSKOD" true true false 10 Long 0 10 ,First,#,NIAGA_AR_50K,FGSKOD,-1,-1;JNSPSR "JNSPSR" true true false 10 Long 0 10 ,First,#,NIAGA_AR_50K,JNSPSR,-1,-1;JNSTKO "JNSTKO" true true false 10 Long 0 10 ,First,#,NIAGA_AR_50K,JNSTKO,-1,-1;JNSKTR "JNSKTR" true true false 10 Long 0 10 ,First,#,NIAGA_AR_50K,JNSKTR,-1,-1;PRSTRP "PRSTRP" true true false 10 Long 0 10 ,First,#,NIAGA_AR_50K,PRSTRP,-1,-1;KLSRMP "KLSRMP" true true false 10 Long 0 10 ,First,#,NONAGRIALANG_AR_50K,KLSRMP,-1,-1;KODATC "KODATC" true true false 50 Text 0 0 ,First,#,NONAGRIALANG_AR_50K,KODATC,-1,-1;JNSPDG "JNSPDG" true true false 10 Long 0 10 ,First,#,NONAGRIALANG_AR_50K,JNSPDG,-1,-1;JNSPHN "JNSPHN" true true false 10 Long 0 10 ,First,#,NONAGRIHUTANBASAH_AR_50K,JNSPHN,-1,-1,NONAGRIHUTANKERING_AR_50K,JNSPHN,-1,-1;JNSHTN "JNSHTN" true true false 10 Long 0 10 ,First,#,NONAGRIHUTANBASAH_AR_50K,JNSHTN,-1,-1,NONAGRIHUTANKERING_AR_50K,JNSHTN,-1,-1;KRPPHN "KRPPHN" true true false 10 Long 0 10 ,First,#,NONAGRIHUTANBASAH_AR_50K,KRPPHN,-1,-1,NONAGRIHUTANKERING_AR_50K,KRPPHN,-1,-1;KLSLCO "KLSLCO" true true false 10 Long 0 10 ,First,#,NONAGRIHUTANBASAH_AR_50K,KLSLCO,-1,-1,NONAGRIHUTANKERING_AR_50K,KLSLCO,-1,-1;KRAPAT "KRAPAT" true true false 10 Long 0 10 ,First,#,NONAGRIHUTANBASAH_AR_50K,KRAPAT,-1,-1;SPSABS "SPSABS" true true false 10 Long 0 10 ,First,#,NONAGRIHUTANBASAH_AR_50K,SPSABS,-1,-1;RPTHTN "RPTHTN" true true false 10 Long 0 10 ,First,#,NONAGRIHUTANBASAH_AR_50K,RPTHTN,-1,-1;JNSHTB "JNSHTB" true true false 10 Long 0 10 ,First,#,NONAGRIHUTANBASAH_AR_50K,JNSHTB,-1,-1;TKTHTN "TKTHTN" true true false 10 Long 0 10 ,First,#,NONAGRIHUTANKERING_AR_50K,TKTHTN,-1,-1;TIPHTN "TIPHTN" true true false 10 Long 0 10 ,First,#,NONAGRIHUTANKERING_AR_50K,TIPHTN,-1,-1;JNSSMK "JNSSMK" true true false 10 Long 0 10 ,First,#,NONAGRISEMAKBELUKAR_AR_50K,JNSSMK,-1,-1"</Process><Process ToolSource="c:\rsgis\arcgis\desktop10.4\ArcToolbox\Toolboxes\Analysis Tools.tbx\Clip" Date="20190103" Time="100110">Clip TLahan_KutimRBI50K_v01 BatasKabupaten_KutaiTimur_v03 E:\workspace\kutim\gisdata\shp\TLahan_KutimRBI50K_v02.shp #</Process><Process ToolSource="c:\rsgis\arcgis\desktop10.4\ArcToolbox\Toolboxes\Analysis Tools.tbx\Union" Date="20190103" Time="100258">Union "TLahan_KutimRBI50K_v02 #;BatasKabupaten_KutaiTimur_v03 #" E:\workspace\kutim\gisdata\shp\TLahan_KutimRBI50K_v03.shp ALL # GAPS</Process><Process ToolSource="c:\rsgis\arcgis\desktop10.4\ArcToolbox\Toolboxes\Data Management Tools.tbx\CalculateField" Date="20190103" Time="100553">CalculateField TLahan_KutimRBI50K_v03 TLahanRBI [REMARK] VB #</Process><Process ToolSource="c:\rsgis\arcgis\desktop10.4\ArcToolbox\Toolboxes\Analysis Tools.tbx\Intersect" Date="20190103" Time="100726">Intersect "TLahan_KutimRBI50K_v03 #;BatasKecamatan_KutaiTimur_v01 #" E:\workspace\kutim\gisdata\shp\TLahan_BatasKec_KutimRBI50K_v03.shp ALL # INPUT</Process><Process ToolSource="c:\rsgis\arcgis\desktop10.4\ArcToolbox\Toolboxes\Data Management Tools.tbx\CalculateField" Date="20190103" Time="100843">CalculateField TLahan_BatasKec_KutimRBI50K_v03 TLSPOT17 [TLahanRBI] VB #</Process><Process ToolSource="c:\rsgis\arcgis\desktop10.4\ArcToolbox\Toolboxes\Data Management Tools.tbx\CalculateField" Date="20190103" Time="100944">CalculateField TLahan_BatasKec_KutimRBI50K_v03 TLSPOT17 "Tanah Terbuka" VB #</Process><Process ToolSource="c:\program files (x86)\arcgis\desktop10.2\ArcToolbox\Toolboxes\Data Management Tools.tbx\Project" Date="20190326" Time="100832">Project TLahan_KecMaAncalong_KutimRBI50K_v03 D:\KERJAAN\MTSZone\TLahan_KecMaAncalong_KutimRBI50K_v01U.shp PROJCS['WGS_1984_UTM_Zone_50N',GEOGCS['GCS_WGS_1984',DATUM['D_WGS_1984',SPHEROID['WGS_1984',6378137.0,298.257223563]],PRIMEM['Greenwich',0.0],UNIT['Degree',0.0174532925199433]],PROJECTION['Transverse_Mercator'],PARAMETER['False_Easting',500000.0],PARAMETER['False_Northing',0.0],PARAMETER['Central_Meridian',117.0],PARAMETER['Scale_Factor',0.9996],PARAMETER['Latitude_Of_Origin',0.0],UNIT['Meter',1.0]] # GEOGCS['GCS_WGS_1984',DATUM['D_WGS_1984',SPHEROID['WGS_1984',6378137.0,298.257223563]],PRIMEM['Greenwich',0.0],UNIT['Degree',0.0174532925199433]],VERTCS['EGM2008_Geoid',VDATUM['EGM2008_Geoid'],PARAMETER['Vertical_Shift',0.0],PARAMETER['Direction',1.0],UNIT['Meter',1.0]]</Process><Process ToolSource="c:\program files (x86)\arcgis\desktop10.2\ArcToolbox\Toolboxes\Data Management Tools.tbx\MultipartToSinglepart" Date="20190326" Time="101023">MultipartToSinglepart TLahan_KecMaAncalong_KutimRBI50K_v01U D:\KERJAAN\MTSZone\TLahan_KecMaAncalong_KutimRBI50K_v012U.shp</Process><Process ToolSource="c:\program files (x86)\arcgis\desktop10.2\ArcToolbox\Toolboxes\Data Management Tools.tbx\CalculateField" Date="20190326" Time="101332">CalculateField TLahan_KecMaAncalong_KutimRBI50K_v012U TLSPOT17 "Danau" VB #</Process><Process ToolSource="c:\program files (x86)\arcgis\desktop10.2\ArcToolbox\Toolboxes\Data Management Tools.tbx\CalculateField" Date="20190326" Time="101742">CalculateField TLahan_KecMaAncalong_KutimRBI50K_v012U TLSPOT17 "Pemukiman Tidak Teratur" VB #</Process><Process ToolSource="c:\program files (x86)\arcgis\desktop10.2\ArcToolbox\Toolboxes\Data Management Tools.tbx\CalculateField" Date="20190326" Time="102142">CalculateField TLahan_KecMaAncalong_KutimRBI50K_v012U TLSPOT17 "Tanah Terbuka / Kosong" VB #</Process><Process ToolSource="c:\program files (x86)\arcgis\desktop10.2\ArcToolbox\Toolboxes\Data Management Tools.tbx\CalculateField" Date="20190326" Time="114854">CalculateField TLahan_KecMaAncalong_KutimRBI50K_v012U TLSENT19 "Semak" VB #</Process><Process ToolSource="c:\program files (x86)\arcgis\desktop10.2\ArcToolbox\Toolboxes\Data Management Tools.tbx\CalculateField" Date="20190326" Time="115326">CalculateField TLahan_KecMaAncalong_KutimRBI50K_v012U TLSENT19 "Semak Belukar" VB #</Process><Process ToolSource="c:\program files (x86)\arcgis\desktop10.2\ArcToolbox\Toolboxes\Data Management Tools.tbx\CalculateField" Date="20190326" Time="125141">CalculateField TLahan_KecMaAncalong_KutimRBI50K_v012U TLSENT19 "Perkebunan/Kebun" VB #</Process><Process ToolSource="c:\program files (x86)\arcgis\desktop10.2\ArcToolbox\Toolboxes\Data Management Tools.tbx\CalculateField" Date="20190326" Time="125327">CalculateField TLahan_KecMaAncalong_KutimRBI50K_v012U TLSPOT17 "Semak Belukar" VB #</Process><Process ToolSource="c:\program files (x86)\arcgis\desktop10.2\ArcToolbox\Toolboxes\Data Management Tools.tbx\CalculateField" Date="20190326" Time="125454">CalculateField TLahan_KecMaAncalong_KutimRBI50K_v012U TLSENT19 "Perkebunan/Kebun" VB #</Process><Process ToolSource="c:\program files (x86)\arcgis\desktop10.2\ArcToolbox\Toolboxes\Data Management Tools.tbx\CalculateField" Date="20190327" Time="125641">CalculateField TLahan_KecMaAncalong_KutimRBI50K_v012U TLSPOT17 "Pemukiman Teratur" VB #</Process><Process ToolSource="c:\program files (x86)\arcgis\desktop10.2\ArcToolbox\Toolboxes\Data Management Tools.tbx\CalculateField" Date="20190327" Time="125951">CalculateField TLahan_KecMaAncalong_KutimRBI50K_v012U TLSENT19 "Pemukiman Teratur" VB #</Process><Process ToolSource="c:\program files (x86)\arcgis\desktop10.2\ArcToolbox\Toolboxes\Data Management Tools.tbx\CalculateField" Date="20190327" Time="130221">CalculateField TLahan_KecMaAncalong_KutimRBI50K_v012U TLSENT19 "Sungai" VB #</Process><Process ToolSource="c:\program files (x86)\arcgis\desktop10.2\ArcToolbox\Toolboxes\Data Management Tools.tbx\CalculateField" Date="20190327" Time="130952">CalculateField TLahan_KecMaAncalong_KutimRBI50K_v012U TLSENT19 "Danau" VB #</Process><Process ToolSource="c:\rsgis\arcgis\desktop10.4\ArcToolbox\Toolboxes\Data Management Tools.tbx\CalculateField" Date="20190515" Time="234547">CalculateField TLahan_KecMaAncalong_KutimRBI50K_v04a TLahanS [TLSENT19] VB #</Process><Process ToolSource="c:\rsgis\arcgis\desktop10.4\ArcToolbox\Toolboxes\Data Management Tools.tbx\CalculateField" Date="20190515" Time="234700">CalculateField TLahan_KecMaAncalong_KutimRBI50K_v04a TLahanS "Lahan Terbuka" VB #</Process><Process ToolSource="c:\rsgis\arcgis\desktop10.4\ArcToolbox\Toolboxes\Data Management Tools.tbx\CalculateField" Date="20190515" Time="234740">CalculateField TLahan_KecMaAncalong_KutimRBI50K_v04a TLahanS "Perkebunan Sawit" VB #</Process><Process ToolSource="c:\rsgis\arcgis\desktop10.4\ArcToolbox\Toolboxes\Data Management Tools.tbx\CalculateField" Date="20190515" Time="234825">CalculateField TLahan_KecMaAncalong_KutimRBI50K_v04a TLahanS "Permukiman Tidak Teratur" VB #</Process><Process ToolSource="c:\rsgis\arcgis\desktop10.4\ArcToolbox\Toolboxes\Data Management Tools.tbx\CalculateField" Date="20190515" Time="234914">CalculateField TLahan_KecMaAncalong_KutimRBI50K_v04a TLahanS "Permukiman Teratur" VB #</Process><Process ToolSource="c:\rsgis\arcgis\desktop10.4\ArcToolbox\Toolboxes\Data Management Tools.tbx\CalculateField" Date="20190515" Time="235100">CalculateField TLahan_KecMaAncalong_KutimRBI50K_v04a TLahanS "Hutan Rawa Gambut" VB #</Process><Process ToolSource="c:\rsgis\arcgis\desktop10.4\ArcToolbox\Toolboxes\Data Management Tools.tbx\CalculateField" Date="20190520" Time="053110">CalculateField TLahan_KecMaAncalong_KutimRBI50K_v04b TLahanS "Semak Rawa" VB #</Process><Process ToolSource="c:\rsgis\arcgis\desktop10.4\ArcToolbox\Toolboxes\Data Management Tools.tbx\CalculateField" Date="20190520" Time="053412">CalculateField TLahan_KecMaAncalong_KutimRBI50K_v04b TLahanS "Semak Rawa" VB #</Process><Process ToolSource="c:\rsgis\arcgis\desktop10.4\ArcToolbox\Toolboxes\Data Management Tools.tbx\CalculateField" Date="20190520" Time="053641">CalculateField TLahan_KecMaAncalong_KutimRBI50K_v04b TLahanS "Semak Rawa" VB #</Process><Process ToolSource="c:\rsgis\arcgis\desktop10.4\ArcToolbox\Toolboxes\Data Management Tools.tbx\CalculateField" Date="20190520" Time="054810">CalculateField TLahan_KecMaAncalong_KutimRBI50K_v04b TLahanS "Semak Rawa" VB #</Process><Process ToolSource="c:\rsgis\arcgis\desktop10.4\ArcToolbox\Toolboxes\Data Management Tools.tbx\CalculateField" Date="20190520" Time="055157">CalculateField TLahan_KecMaAncalong_KutimRBI50K_v04b TLahanS "Semak Rawa" VB #</Process><Process ToolSource="c:\rsgis\arcgis\desktop10.4\ArcToolbox\Toolboxes\Data Management Tools.tbx\CalculateField" Date="20190520" Time="055228">CalculateField TLahan_KecMaAncalong_KutimRBI50K_v04b TLahanS "Semak Rawa" VB #</Process><Process ToolSource="c:\rsgis\arcgis\desktop10.4\ArcToolbox\Toolboxes\Data Management Tools.tbx\CalculateField" Date="20190520" Time="071520">CalculateField TLahan_KecMaAncalong_KutimRBI50K_v04b TLahanS "Rawa" VB #</Process><Process ToolSource="c:\rsgis\arcgis\desktop10.4\ArcToolbox\Toolboxes\Data Management Tools.tbx\CalculateField" Date="20190520" Time="073535">CalculateField TLahan_KecMaAncalong_KutimRBI50K_v04b TLahanS "Lahan Terbuka" VB #</Process><Process ToolSource="c:\rsgis\arcgis\desktop10.4\ArcToolbox\Toolboxes\Conversion Tools.tbx\FeatureClassToFeatureClass" Date="20190531" Time="213825">FeatureClassToFeatureClass TLahan_Kutim_Kalfor2019_v02a E:\workspace\kutim\gisdata\gdb\KutaiTimur.mdb\TopologyCheck TLahan_Kutim_Kalfor2019_v03a # "LCODE "LCODE" true true false 50 Text 0 0 ,First,#,TLahan_Kutim_Kalfor2019_v02a,LCODE,-1,-1;TLahanRBI "TLahanRBI" true true false 50 Text 0 0 ,First,#,TLahan_Kutim_Kalfor2019_v02a,TLahanRBI,-1,-1;NamaKec "NamaKec" true true false 30 Text 0 0 ,First,#,TLahan_Kutim_Kalfor2019_v02a,NamaKec,-1,-1;TLahanS "TLahanS" true true false 50 Text 0 0 ,First,#,TLahan_Kutim_Kalfor2019_v02a,TLahanS,-1,-1;LuasHA "LuasHA" true true false 13 Float 0 0 ,First,#,TLahan_Kutim_Kalfor2019_v02a,LuasHA,-1,-1" #</Process><Process ToolSource="c:\rsgis\arcgis\desktop10.4\ArcToolbox\Toolboxes\Conversion Tools.tbx\FeatureClassToFeatureClass" Date="20190531" Time="222900">FeatureClassToFeatureClass E:\workspace\kutim\gisdata\digitasi\edit\TLahan_Kutim_Kalfor2019_v04a.shp E:\workspace\kutim\gisdata\gdb\KutaiTimur.mdb\TopologyCheck TLahan_Kutim_Kalfor2019_v04p # "OBJECTID "OBJECTID" true true false 10 Long 0 10 ,First,#,E:\workspace\kutim\gisdata\digitasi\edit\TLahan_Kutim_Kalfor2019_v04a.shp,OBJECTID,-1,-1;LCODE "LCODE" true true false 50 Text 0 0 ,First,#,E:\workspace\kutim\gisdata\digitasi\edit\TLahan_Kutim_Kalfor2019_v04a.shp,LCODE,-1,-1;TLahanRBI "TLahanRBI" true true false 50 Text 0 0 ,First,#,E:\workspace\kutim\gisdata\digitasi\edit\TLahan_Kutim_Kalfor2019_v04a.shp,TLahanRBI,-1,-1;NamaKec "NamaKec" true true false 30 Text 0 0 ,First,#,E:\workspace\kutim\gisdata\digitasi\edit\TLahan_Kutim_Kalfor2019_v04a.shp,NamaKec,-1,-1;TLahanS "TLahanS" true true false 50 Text 0 0 ,First,#,E:\workspace\kutim\gisdata\digitasi\edit\TLahan_Kutim_Kalfor2019_v04a.shp,TLahanS,-1,-1;LuasHA "LuasHA" true true false 13 Float 0 0 ,First,#,E:\workspace\kutim\gisdata\digitasi\edit\TLahan_Kutim_Kalfor2019_v04a.shp,LuasHA,-1,-1" #</Process><Process ToolSource="c:\program files (x86)\arcgis\desktop10.2\ArcToolbox\Toolboxes\Data Management Tools.tbx\Dissolve" Date="20201126" Time="185740">Dissolve TLahan_Kutim_Kalfor2019_v04p "E:\Peta\Kutim Kalfor\PL Kutim 50K.shp" TLahanS # MULTI_PART DISSOLVE_LINES</Process><Process ToolSource="c:\program files (x86)\arcgis\desktop10.2\ArcToolbox\Toolboxes\Data Management Tools.tbx\CalculateField" Date="20201126" Time="221647">CalculateField "PL Kutim 50K" PL50K2019 [TLahanS] VB #</Process><Process ToolSource="c:\program files (x86)\arcgis\desktop10.8\ArcToolbox\Toolboxes\Data Management Tools.tbx\CalculateField" Date="20220717" Time="011231">CalculateField PL_Kutim_50K_Selaras_SNI KodePL20 "2012" VB #</Process><Process ToolSource="c:\program files (x86)\arcgis\desktop10.8\ArcToolbox\Toolboxes\Data Management Tools.tbx\CalculateField" Date="20220717" Time="011303">CalculateField PL_Kutim_50K_Selaras_SNI KelasPL20 "Permukiman" VB #</Process></lineage><itemProps><itemName Sync="TRUE">PL Kutim 50K</itemName><imsContentType Sync="TRUE">002</imsContentType><itemLocation><linkage Sync="TRUE">file://\\ROG-2021\D$\Mobile_App\commondata\pl_kutim_50k_2020\PL_Kutim_50K_Selaras_SNI</linkage><protocol Sync="TRUE">Local Area Network</protocol></itemLocation><itemSize Sync="TRUE">0.000</itemSize></itemProps><coordRef><type Sync="TRUE">Projected</type><geogcsn Sync="TRUE">GCS_WGS_1984</geogcsn><csUnits Sync="TRUE">Linear Unit: Meter (1.000000)</csUnits><peXml Sync="TRUE">&lt;ProjectedCoordinateSystem xsi:type='typens:ProjectedCoordinateSystem' xmlns:xsi='http://www.w3.org/2001/XMLSchema-instance' xmlns:xs='http://www.w3.org/2001/XMLSchema' xmlns:typens='http://www.esri.com/schemas/ArcGIS/10.1'&gt;&lt;WKT&gt;PROJCS[&amp;quot;WGS_1984_UTM_Zone_50S&amp;quot;,GEOGCS[&amp;quot;GCS_WGS_1984&amp;quot;,DATUM[&amp;quot;D_WGS_1984&amp;quot;,SPHEROID[&amp;quot;WGS_1984&amp;quot;,6378137.0,298.257223563]],PRIMEM[&amp;quot;Greenwich&amp;quot;,0.0],UNIT[&amp;quot;Degree&amp;quot;,0.0174532925199433]],PROJECTION[&amp;quot;Transverse_Mercator&amp;quot;],PARAMETER[&amp;quot;False_Easting&amp;quot;,500000.0],PARAMETER[&amp;quot;False_Northing&amp;quot;,10000000.0],PARAMETER[&amp;quot;Central_Meridian&amp;quot;,117.0],PARAMETER[&amp;quot;Scale_Factor&amp;quot;,0.9996],PARAMETER[&amp;quot;Latitude_Of_Origin&amp;quot;,0.0],UNIT[&amp;quot;Meter&amp;quot;,1.0],AUTHORITY[&amp;quot;EPSG&amp;quot;,32750]]&lt;/WKT&gt;&lt;XOrigin&gt;-5120900&lt;/XOrigin&gt;&lt;YOrigin&gt;1900&lt;/YOrigin&gt;&lt;XYScale&gt;450445547.3910538&lt;/XYScale&gt;&lt;ZOrigin&gt;-100000&lt;/ZOrigin&gt;&lt;ZScale&gt;10000&lt;/ZScale&gt;&lt;MOrigin&gt;-100000&lt;/MOrigin&gt;&lt;MScale&gt;10000&lt;/MScale&gt;&lt;XYTolerance&gt;0.001&lt;/XYTolerance&gt;&lt;ZTolerance&gt;0.001&lt;/ZTolerance&gt;&lt;MTolerance&gt;0.001&lt;/MTolerance&gt;&lt;HighPrecision&gt;true&lt;/HighPrecision&gt;&lt;WKID&gt;32750&lt;/WKID&gt;&lt;LatestWKID&gt;32750&lt;/LatestWKID&gt;&lt;/ProjectedCoordinateSystem&gt;</peXml><projcsn Sync="TRUE">WGS_1984_UTM_Zone_50S</projcsn></coordRef><copyHistory><copy source="E:\01_GIS\04_PETA_OVERLAY\PL Kutim 50K_2020\PL_Kutim_50K_Selaras_SNI" dest="\\ROG-2021\D$\Mobile_App\commondata\pl_kutim_50k_2020\PL_Kutim_50K_Selaras_SNI" date="20221109" time="11095000"></copy></copyHistory></DataProperties><SyncDate>20201126</SyncDate><SyncTime>18435600</SyncTime><ModDate>20201126</ModDate><ModTime>18435600</ModTime><ArcGISFormat>1.0</ArcGISFormat><scaleRange><minScale>150000000</minScale><maxScale>5000</maxScale></scaleRange><ArcGISProfile>ItemDescription</ArcGISProfile><ArcGISstyle>ISO 19139 Metadata Implementation Specification</ArcGISstyle></Esri><idinfo><citation><citeinfo><onlink Sync="TRUE">\\DEMON\C$\Geodatabase_FDS.gdb</onlink></citeinfo></citation></idinfo><distInfo><distributor><distorTran><onLineSrc><linkage Sync="TRUE">file://\\DEMON\C$\Geodatabase_FDS.gdb</linkage><protocol Sync="TRUE">Local Area Network</protocol></onLineSrc></distorTran></distributor><distFormat><formatName Sync="TRUE">Shapefile</formatName></distFormat><distTranOps><transSize Sync="TRUE">0.000</transSize></distTranOps></distInfo><dataqual><lineage><procstep><procdesc Sync="TRUE">Dataset copied.</procdesc><srcused Sync="TRUE">\\DEMON\C$\Geodatabase_FDS.gdb</srcused><date Sync="TRUE">20101027</date><time Sync="TRUE">15315800</time></procstep><procstep><procdesc Sync="TRUE">Dataset copied.</procdesc><srcused Sync="TRUE">\\DEMON\C$\Geodatabase_FDS.gdb</srcused><date Sync="TRUE">20101027</date><time Sync="TRUE">15380600</time></procstep><procstep><procdesc Sync="TRUE">Dataset copied.</procdesc><srcused Sync="TRUE">\\DEMON\C$\Geodatabase_FDS.gdb</srcused><date Sync="TRUE">20101027</date><time Sync="TRUE">15405000</time></procstep><procstep><procdesc Sync="TRUE">Dataset copied.</procdesc><srcused Sync="TRUE">\\DEMON\C$\Geodatabase_FDS.gdb</srcused><date Sync="TRUE">20101027</date><time Sync="TRUE">15422200</time></procstep><procstep><procdesc Sync="TRUE">Dataset copied.</procdesc><srcused Sync="TRUE">\\DEMON\C$\Geodatabase_FDS.gdb</srcused><date Sync="TRUE">20101027</date><time Sync="TRUE">15430400</time></procstep></lineage></dataqual><dataIdInfo><envirDesc Sync="TRUE"> Version 6.2 (Build 9200) ; Esri ArcGIS 10.2.2.3552</envirDesc><dataLang><languageCode value="eng" Sync="TRUE"/><countryCode value="IDN" Sync="TRUE"/></dataLang><idCitation><resTitle Sync="TRUE">PL Kutim 50K</resTitle><presForm><PresFormCd value="005" Sync="TRUE"/></presForm></idCitation><spatRpType><SpatRepTypCd value="001" Sync="TRUE"/></spatRpType><idAbs>&lt;DIV STYLE="text-align:Left;"&gt;&lt;DIV&gt;&lt;P&gt;&lt;SPAN&gt;Wilayah yang terdiri dari daratan dan perairan tempat kapal bersandar, berlabuh, naik turun penumpang dan/atau bongkar muat barang, dilengkapi fasilitas keselamatan, kegiatan penunjang serta perpindahan intra dan antar moda transportasi.&lt;/SPAN&gt;&lt;/P&gt;&lt;/DIV&gt;&lt;/DIV&gt;</idAbs></dataIdInfo><mdLang><languageCode value="eng" Sync="TRUE"/><countryCode value="IDN" Sync="TRUE"/></mdLang><mdHrLv><ScopeCd value="005" Sync="TRUE"/></mdHrLv><mdHrLvName Sync="TRUE">dataset</mdHrLvName><refSysInfo><RefSystem><refSysID><identCode code="32750" Sync="TRUE"/><idCodeSpace Sync="TRUE">EPSG</idCodeSpace><idVersion Sync="TRUE">8.2.6</idVersion></refSysID></RefSystem></refSysInfo><spatRepInfo><VectSpatRep><geometObjs Name="PL Kutim 50K"><geoObjTyp><GeoObjTypCd value="002" Sync="TRUE"></GeoObjTypCd></geoObjTyp><geoObjCnt Sync="TRUE">0</geoObjCnt></geometObjs><topLvl><TopoLevCd value="001" Sync="TRUE"></TopoLevCd></topLvl></VectSpatRep></spatRepInfo><spdoinfo><ptvctinf><esriterm Name="PL Kutim 50K"><efeatyp Sync="TRUE">Simple</efeatyp><efeageom code="4" Sync="TRUE"></efeageom><esritopo Sync="TRUE">FALSE</esritopo><efeacnt Sync="TRUE">0</efeacnt><spindex Sync="TRUE">FALSE</spindex><linrefer Sync="TRUE">TRUE</linrefer></esriterm></ptvctinf></spdoinfo><eainfo><detailed Name="PL Kutim 50K"><enttyp><enttypl Sync="TRUE">PL Kutim 50K</enttypl><enttypt Sync="TRUE">Feature Class</enttypt><enttypc Sync="TRUE">0</enttypc></enttyp><attr><attrlabl Sync="TRUE">FID</attrlabl><attalias Sync="TRUE">FID</attalias><attrtype Sync="TRUE">OID</attrtype><attwidth Sync="TRUE">4</attwidth><atprecis Sync="TRUE">0</atprecis><attscale Sync="TRUE">0</attscale><attrdef Sync="TRUE">Internal feature number.</attrdef><attrdefs Sync="TRUE">Esri</attrdefs><attrdomv><udom Sync="TRUE">Sequential unique whole numbers that are automatically generated.</udom></attrdomv></attr><attr><attrlabl Sync="TRUE">SHAPE</attrlabl><attalias Sync="TRUE">Shape</attalias><attrtype Sync="TRUE">Geometry</attrtype><attwidth Sync="TRUE">0</attwidth><atprecis Sync="TRUE">0</atprecis><attscale Sync="TRUE">0</attscale><attrdef Sync="TRUE">Feature geometry.</attrdef><attrdefs Sync="TRUE">Esri</attrdefs><attrdomv><udom Sync="TRUE">Coordinates defining the features.</udom></attrdomv></attr><attr><attrlabl Sync="TRUE">TLahanS</attrlabl><attalias Sync="TRUE">TLahanS</attalias><attrtype Sync="TRUE">String</attrtype><attwidth Sync="TRUE">50</attwidth><atprecis Sync="TRUE">0</atprecis><attscale Sync="TRUE">0</attscale></attr></detailed></eainfo><mdDateSt Sync="TRUE">20201126</mdDateSt><mdChar><CharSetCd value="004" Sync="TRUE"></CharSetCd></mdChar></metadata>
