<?xml version="1.0" encoding="UTF-8"?>
<metadata xml:lang="id"><Esri><CreaDate>20221109</CreaDate><CreaTime>11094400</CreaTime><ArcGISFormat>1.0</ArcGISFormat><ArcGISstyle>XTools Pro Metadata</ArcGISstyle><SyncOnce>FALSE</SyncOnce><DataProperties><lineage><Process ToolSource="c:\program files (x86)\arcgis\desktop10.4\ArcToolbox\Toolboxes\Data Management Tools.tbx\CalculateField" Date="20180706" Time="133022">CalculateField PETA_DAS_2 KETERANGAN "-" VB #</Process><Process ToolSource="c:\program files (x86)\arcgis\desktop10.4\ArcToolbox\Toolboxes\Data Management Tools.tbx\CalculateField" Date="20180706" Time="133214">CalculateField PETA_DAS_2 NAMA_DAS_1 "KEP. BAKUNO" VB #</Process><Process ToolSource="c:\program files (x86)\arcgis\desktop10.4\ArcToolbox\Toolboxes\Data Management Tools.tbx\CalculateField" Date="20180706" Time="133430">CalculateField PETA_DAS_2 NAMA_DAS_1 "KEP. SIATU" VB #</Process><Process ToolSource="c:\program files (x86)\arcgis\desktop10.4\ArcToolbox\Toolboxes\Data Management Tools.tbx\CalculateField" Date="20180706" Time="133452">CalculateField PETA_DAS_2 NAMA_DAS_1 "KEP. KABALUT" VB #</Process><Process ToolSource="c:\program files (x86)\arcgis\desktop10.2\ArcToolbox\Toolboxes\Data Management Tools.tbx\CalculateField" Date="20180716" Time="160221">CalculateField Peta_Daerah_Aliran_Sungai FCODE "ZB03050120" VB #</Process><Process ToolSource="c:\program files (x86)\arcgis\desktop10.2\ArcToolbox\Toolboxes\Data Management Tools.tbx\CalculateField" Date="20180716" Time="160254">CalculateField Peta_Daerah_Aliran_Sungai METADATA "DaerahAliranSungai.xls" VB #</Process><Process ToolSource="c:\program files (x86)\arcgis\desktop10.4\ArcToolbox\Toolboxes\Data Management Tools.tbx\CalculateField" Date="20180806" Time="093022">CalculateField DASOK METADATA "DaerahAliranSungai.xls" VB #</Process><Process ToolSource="c:\program files (x86)\arcgis\desktop10.4\ArcToolbox\Toolboxes\Data Management Tools.tbx\CalculateField" Date="20180903" Time="152036">CalculateField DAS_okeCopy OBJECTID [OBJECTID_2] VB #</Process><Process ToolSource="c:\program files (x86)\arcgis\desktop10.4\ArcToolbox\Toolboxes\Data Management Tools.tbx\CalculateField" Date="20180903" Time="152355">CalculateField DAS_okeCopy KODE_DAS [KODE_DAS_1] VB #</Process><Process ToolSource="c:\program files (x86)\arcgis\desktop10.4\ArcToolbox\Toolboxes\Data Management Tools.tbx\CalculateField" Date="20180903" Time="152523">CalculateField DAS_okeCopy LUAS_DAS [LUAS_DAS_1] VB #</Process><Process ToolSource="c:\program files (x86)\arcgis\desktop10.4\ArcToolbox\Toolboxes\Data Management Tools.tbx\CalculateField" Date="20180903" Time="152806">CalculateField DAS_okeCopy NAMA_DAS [NAMA_DAS_1] VB #</Process><Process ToolSource="c:\program files (x86)\arcgis\desktop10.4\ArcToolbox\Toolboxes\Data Management Tools.tbx\CalculateField" Date="20180903" Time="152944">CalculateField DAS_okeCopy METADATA [METADATA_1] VB #</Process><Process ToolSource="c:\program files (x86)\arcgis\desktop10.4\ArcToolbox\Toolboxes\Data Management Tools.tbx\CalculateField" Date="20180904" Time="075523">CalculateField DAS_2018 METADATA "DaerahAliranSungai.xls" VB #</Process><Process ToolSource="c:\program files (x86)\arcgis\desktop10.5\ArcToolbox\Toolboxes\Data Management Tools.tbx\CalculateField" Date="20190306" Time="070314">CalculateField IGT56_Peta_Daerah_Aliran_Sungai Region Right( [KODE_DAS],3 ) VB #</Process><Process ToolSource="c:\program files (x86)\arcgis\desktop10.5\ArcToolbox\Toolboxes\Data Management Tools.tbx\CalculateField" Date="20190306" Time="070442">CalculateField IGT56_Peta_Daerah_Aliran_Sungai Region Left( [KODE_DAS],3 ) VB #</Process><Process ToolSource="c:\program files (x86)\arcgis\desktop10.5\ArcToolbox\Toolboxes\Data Management Tools.tbx\CalculateField" Date="20190306" Time="070747">CalculateField Peta_DAS_50K Wilker Left( [KODE_DAS],2 ) VB #</Process><Process ToolSource="c:\program files (x86)\arcgis\desktop10.5\ArcToolbox\Toolboxes\Data Management Tools.tbx\Dissolve" Date="20190306" Time="071044">Dissolve Peta_DAS_50K C:\Users\up9i\Documents\ArcGIS\Default3.gdb\Peta_DAS_50K_Dissolve Wilker # MULTI_PART DISSOLVE_LINES</Process><Process ToolSource="c:\program files (x86)\arcgis\desktop10.5\ArcToolbox\Toolboxes\Data Management Tools.tbx\CalculateField" Date="20190330" Time="142200">CalculateField MB_Fix Kekritisan "Potensia Kritis" VB #</Process><Process ToolSource="c:\program files (x86)\arcgis\desktop10.5\ArcToolbox\Toolboxes\Data Management Tools.tbx\Merge" Date="20190401" Time="001632">Merge MB_Fix;Export_Output_16 C:\Users\up9i\Documents\ArcGIS\Default3.gdb\MB_Fix_Merge1 "NAMA_BPDAS "NAMA_BPDAS" true true false 50 Text 0 0 ,First,#,MB_Fix,NAMA_BPDAS,-1,-1,Export_Output_16,NAMA_BPDAS,-1,-1;PROVINSI "PROVINSI" true true false 50 Text 0 0 ,First,#,MB_Fix,PROVINSI,-1,-1,Export_Output_16,PROVINSI,-1,-1;KABUPATEN "KABUPATEN" true true false 50 Text 0 0 ,First,#,MB_Fix,KABUPATEN,-1,-1,Export_Output_16,KABUPATEN,-1,-1;Kekritisan "Kekritisan" true true false 20 Text 0 0 ,First,#,MB_Fix,Kekritisan,-1,-1,Export_Output_16,Kekritisan,-1,-1;Luas_Ha "Luas_Ha" true true false 19 Double 0 0 ,First,#,MB_Fix,Luas_Ha,-1,-1,Export_Output_16,Luas_Ha,-1,-1"</Process><Process ToolSource="c:\program files (x86)\arcgis\desktop10.5\ArcToolbox\Toolboxes\Data Management Tools.tbx\CalculateField" Date="20190401" Time="001955">CalculateField MB_Fix_Merge1 Kekritisan "Tidak Kritis" VB #</Process><Process ToolSource="c:\program files (x86)\arcgis\desktop10.5\ArcToolbox\Toolboxes\Conversion Tools.tbx\FeatureClassToFeatureClass" Date="20190412" Time="141459">FeatureClassToFeatureClass LK_Kalimantan_1April2019 "D:\2019\FINALISASI LAHAN KRITIS\LK 2018.gdb\LAHAN_KRITIS" Kalimantan # "KEKRITISAN "KEKRITISAN" true true false 20 Text 0 0 ,First,#,LK_Kalimantan_1April2019,Kekritisan,-1,-1;Luas_Ha "Luas_Ha" true true false 19 Double 0 0 ,First,#,LK_Kalimantan_1April2019,Luas_Ha,-1,-1" #</Process><Process ToolSource="c:\program files (x86)\arcgis\desktop10.3\ArcToolbox\Toolboxes\Data Management Tools.tbx\CalculateField" Date="20190730" Time="011500">CalculateField LakrisKaltimtara KRITIS_NEW "Kritis" VB #</Process><Process ToolSource="c:\program files (x86)\arcgis\desktop10.3\ArcToolbox\Toolboxes\Data Management Tools.tbx\CalculateField" Date="20190730" Time="094929">CalculateField LakrisKaltimtara Perubahan "YA" VB #</Process><Process ToolSource="c:\program files (x86)\arcgis\desktop10.3\ArcToolbox\Toolboxes\Data Management Tools.tbx\CalculateField" Date="20190730" Time="180626">CalculateField LakrisKaltimtara Perubahan "TIDAK" VB #</Process><Process ToolSource="c:\program files (x86)\arcgis\desktop10.3\ArcToolbox\Toolboxes\Data Management Tools.tbx\CalculateField" Date="20190730" Time="180730">CalculateField LakrisKaltimtara KRITIS_NEW [KEKRITISAN] VB #</Process><Process ToolSource="c:\program files (x86)\arcgis\desktop10.3\ArcToolbox\Toolboxes\Data Management Tools.tbx\CalculateField" Date="20191031" Time="113604">CalculateField LakrisMahakamBerau KRITIS_NEW "Potensial Kritis" VB #</Process><Process ToolSource="c:\program files (x86)\arcgis\desktop10.3\ArcToolbox\Toolboxes\Data Management Tools.tbx\CalculateField" Date="20191118" Time="134626">CalculateField LakrisMahakamBerau Ganti "Ya" VB #</Process><Process ToolSource="c:\program files (x86)\arcgis\desktop10.3\ArcToolbox\Toolboxes\Data Management Tools.tbx\CalculateField" Date="20191118" Time="134751">CalculateField LakrisMahakamBerau Ganti "Ya" VB #</Process><Process ToolSource="c:\program files (x86)\arcgis\desktop10.3\ArcToolbox\Toolboxes\Data Management Tools.tbx\CalculateField" Date="20191118" Time="135150">CalculateField LakrisMahakamBerau Ganti "Ya" VB #</Process><Process ToolSource="c:\program files (x86)\arcgis\desktop10.3\ArcToolbox\Toolboxes\Data Management Tools.tbx\CalculateField" Date="20191118" Time="141302">CalculateField LakrisMahakamBerau Ganti "" VB #</Process><Process ToolSource="c:\program files (x86)\arcgis\desktop10.3\ArcToolbox\Toolboxes\Data Management Tools.tbx\CalculateField" Date="20191118" Time="205157">CalculateField LakrisMahakamBerau Ganti "Ya" VB #</Process><Process ToolSource="c:\program files (x86)\arcgis\desktop10.3\ArcToolbox\Toolboxes\Data Management Tools.tbx\CalculateField" Date="20191118" Time="205256">CalculateField LakrisMahakamBerau Ganti "Ya" VB #</Process><Process ToolSource="c:\program files (x86)\arcgis\desktop10.3\ArcToolbox\Toolboxes\Data Management Tools.tbx\CalculateField" Date="20191118" Time="211313">CalculateField LakrisCOBA Ganti "Ya" VB #</Process><Process ToolSource="c:\program files (x86)\arcgis\desktop10.3\ArcToolbox\Toolboxes\Data Management Tools.tbx\CalculateField" Date="20191118" Time="212805">CalculateField LakrisCOBA Tk_Kritis "Kritis" VB #</Process><Process ToolSource="c:\program files (x86)\arcgis\desktop10.3\ArcToolbox\Toolboxes\Data Management Tools.tbx\CalculateField" Date="20191118" Time="215749">CalculateField LakrisCOBA Tk_Kritis "Kritis" VB #</Process><Process ToolSource="c:\program files (x86)\arcgis\desktop10.3\ArcToolbox\Toolboxes\Data Management Tools.tbx\CalculateField" Date="20191119" Time="095545">CalculateField LakrisCOBA Tk_Kritis "Agak Kritis" VB #</Process><Process ToolSource="c:\program files (x86)\arcgis\desktop10.3\ArcToolbox\Toolboxes\Data Management Tools.tbx\CalculateField" Date="20191119" Time="115354">CalculateField LakrisCOBAtahapII Ganti "Tidak" VB #</Process><Process ToolSource="c:\program files (x86)\arcgis\desktop10.3\ArcToolbox\Toolboxes\Data Management Tools.tbx\CalculateField" Date="20191119" Time="115443">CalculateField LakrisCOBAtahapII Tk_Kritis [KRITIS_NEW] VB #</Process><Process ToolSource="c:\program files (x86)\arcgis\desktop10.3\ArcToolbox\Toolboxes\Data Management Tools.tbx\CalculateField" Date="20200115" Time="122804">CalculateField LAKRIS2019 Kekritis_1 [Tk_Kritis] VB #</Process><Process ToolSource="c:\program files (x86)\arcgis\desktop10.3\ArcToolbox\Toolboxes\Data Management Tools.tbx\CalculateField" Date="20200115" Time="122938">CalculateField LAKRIS2019 KEKRITISAN [Kekritis_1] VB #</Process><Process ToolSource="c:\program files (x86)\arcgis\desktop10.3\ArcToolbox\Toolboxes\Data Management Tools.tbx\CalculateField" Date="20200129" Time="090422">CalculateField LAHAN_KRITIS_2019 KEKRITISAN "Kritis" VB #</Process><Process ToolSource="c:\program files (x86)\arcgis\desktop10.3\ArcToolbox\Toolboxes\Data Management Tools.tbx\CalculateField" Date="20200708" Time="132956">CalculateField LAHAN_KRITIS_MB KEKRITISAN "Kritis" VB #</Process><Process ToolSource="c:\program files (x86)\arcgis\desktop10.6\ArcToolbox\Toolboxes\Analysis Tools.tbx\Clip" Date="20210324" Time="131534">Clip LAHAN_KRITIS_MB Kutai_timur C:\Users\STUDIOBOOK\Documents\ArcGIS\Default.gdb\lk_kutim_2018 #</Process><Process ToolSource="c:\program files (x86)\arcgis\desktop10.6\ArcToolbox\Toolboxes\Data Management Tools.tbx\CalculateField" Date="20210324" Time="131619">CalculateField lk_kutim_2018 KEKRITISAN "Agak Kritis" VB #</Process><Process ToolSource="c:\program files (x86)\arcgis\desktop10.6\ArcToolbox\Toolboxes\Analysis Tools.tbx\Union" Date="20210324" Time="132047">Union "lk_kutim_2018 #;update2020 #" C:\Users\STUDIOBOOK\Documents\ArcGIS\Default.gdb\lk_kutim_2018_Union1 ALL # GAPS</Process><Process ToolSource="c:\program files (x86)\arcgis\desktop10.6\ArcToolbox\Toolboxes\Data Management Tools.tbx\CalculateField" Date="20210324" Time="132242">CalculateField lk_kutim_2018_Union1 Klasifikasi [LKUpdate] VB #</Process><Process ToolSource="c:\program files (x86)\arcgis\desktop10.6\ArcToolbox\Toolboxes\Data Management Tools.tbx\CalculateField" Date="20210324" Time="132301">CalculateField lk_kutim_2018_Union1 Klasifikasi [KEKRITISAN] VB #</Process><Process ToolSource="c:\program files (x86)\arcgis\desktop10.6\ArcToolbox\Toolboxes\Data Management Tools.tbx\Dissolve" Date="20210324" Time="132437">Dissolve lk_kutim_2018_Union1 C:\Users\STUDIOBOOK\Documents\ArcGIS\Default.gdb\lk_kutim_2018_Union1_Dissolv Klasifikasi # MULTI_PART DISSOLVE_LINES</Process></lineage><itemProps><itemLocation><linkage Sync="TRUE">file://\\ROG-2021\D$\Mobile_App\commondata\lahan_kritis\lahankritis_kutim</linkage><protocol Sync="TRUE">Local Area Network</protocol></itemLocation><itemName Sync="TRUE">lk_kutim_2018_Union1_Dissolv</itemName><imsContentType Sync="TRUE">002</imsContentType><itemSize Sync="TRUE">0.000</itemSize></itemProps><coordRef><type Sync="TRUE">Geographic</type><geogcsn Sync="TRUE">GCS_WGS_1984</geogcsn><csUnits Sync="TRUE">Angular Unit: Degree (0.017453)</csUnits><peXml Sync="TRUE">&lt;GeographicCoordinateSystem xsi:type='typens:GeographicCoordinateSystem' xmlns:xsi='http://www.w3.org/2001/XMLSchema-instance' xmlns:xs='http://www.w3.org/2001/XMLSchema' xmlns:typens='http://www.esri.com/schemas/ArcGIS/10.6'&gt;&lt;WKT&gt;GEOGCS[&amp;quot;GCS_WGS_1984&amp;quot;,DATUM[&amp;quot;D_WGS_1984&amp;quot;,SPHEROID[&amp;quot;WGS_1984&amp;quot;,6378137.0,298.257223563]],PRIMEM[&amp;quot;Greenwich&amp;quot;,0.0],UNIT[&amp;quot;Degree&amp;quot;,0.0174532925199433],AUTHORITY[&amp;quot;EPSG&amp;quot;,4326]]&lt;/WKT&gt;&lt;XOrigin&gt;-400&lt;/XOrigin&gt;&lt;YOrigin&gt;-400&lt;/YOrigin&gt;&lt;XYScale&gt;1111948722.2222221&lt;/XYScale&gt;&lt;ZOrigin&gt;-100000&lt;/ZOrigin&gt;&lt;ZScale&gt;10000&lt;/ZScale&gt;&lt;MOrigin&gt;-100000&lt;/MOrigin&gt;&lt;MScale&gt;10000&lt;/MScale&gt;&lt;XYTolerance&gt;8.983152841195215e-09&lt;/XYTolerance&gt;&lt;ZTolerance&gt;0.001&lt;/ZTolerance&gt;&lt;MTolerance&gt;0.001&lt;/MTolerance&gt;&lt;HighPrecision&gt;true&lt;/HighPrecision&gt;&lt;LeftLongitude&gt;-180&lt;/LeftLongitude&gt;&lt;WKID&gt;4326&lt;/WKID&gt;&lt;LatestWKID&gt;4326&lt;/LatestWKID&gt;&lt;/GeographicCoordinateSystem&gt;</peXml></coordRef><copyHistory><copy source="E:\01_GIS\04_PETA_OVERLAY\LAHAN KRITIS\lahankritis_kutim" dest="\\ROG-2021\D$\Mobile_App\commondata\lahan_kritis\lahankritis_kutim" date="20221109" time="11094400"></copy></copyHistory></DataProperties><SyncDate>20210324</SyncDate><SyncTime>13243300</SyncTime><ModDate>20210324</ModDate><ModTime>13243300</ModTime></Esri><dataIdInfo><envirDesc Sync="TRUE"> Version 6.2 (Build 9200) ; Esri ArcGIS 10.6.0.8321</envirDesc><dataLang><languageCode value="eng" Sync="TRUE"></languageCode><countryCode value="IDN" Sync="TRUE"></countryCode></dataLang><idCitation><resTitle Sync="TRUE">lk_kutim_2018_Union1_Dissolv</resTitle><presForm><PresFormCd value="005" Sync="TRUE"></PresFormCd></presForm></idCitation><spatRpType><SpatRepTypCd value="001" Sync="TRUE"></SpatRepTypCd></spatRpType></dataIdInfo><mdLang><languageCode value="eng" Sync="TRUE"></languageCode><countryCode value="IDN" Sync="TRUE"></countryCode></mdLang><distInfo><distFormat><formatName Sync="TRUE">File Geodatabase Feature Class</formatName></distFormat><distTranOps><transSize Sync="TRUE">0.000</transSize></distTranOps></distInfo><mdHrLv><ScopeCd value="005" Sync="TRUE"></ScopeCd></mdHrLv><mdHrLvName Sync="TRUE">dataset</mdHrLvName><refSysInfo><RefSystem><refSysID><identCode code="4326" Sync="TRUE"></identCode><idCodeSpace Sync="TRUE">EPSG</idCodeSpace><idVersion Sync="TRUE">6.14(3.0.1)</idVersion></refSysID></RefSystem></refSysInfo><spatRepInfo><VectSpatRep><geometObjs Name="lk_kutim_2018_Union1_Dissolv"><geoObjTyp><GeoObjTypCd value="002" Sync="TRUE"></GeoObjTypCd></geoObjTyp><geoObjCnt Sync="TRUE">0</geoObjCnt></geometObjs><topLvl><TopoLevCd value="001" Sync="TRUE"></TopoLevCd></topLvl></VectSpatRep></spatRepInfo><spdoinfo><ptvctinf><esriterm Name="lk_kutim_2018_Union1_Dissolv"><efeatyp Sync="TRUE">Simple</efeatyp><efeageom code="4" Sync="TRUE"></efeageom><esritopo Sync="TRUE">FALSE</esritopo><efeacnt Sync="TRUE">0</efeacnt><spindex Sync="TRUE">TRUE</spindex><linrefer Sync="TRUE">TRUE</linrefer></esriterm></ptvctinf></spdoinfo><eainfo><detailed Name="lk_kutim_2018_Union1_Dissolv"><enttyp><enttypl Sync="TRUE">lk_kutim_2018_Union1_Dissolv</enttypl><enttypt Sync="TRUE">Feature Class</enttypt><enttypc Sync="TRUE">0</enttypc></enttyp><attr><attrlabl Sync="TRUE">OBJECTID</attrlabl><attalias Sync="TRUE">FID</attalias><attrtype Sync="TRUE">OID</attrtype><attwidth Sync="TRUE">4</attwidth><atprecis Sync="TRUE">0</atprecis><attscale Sync="TRUE">0</attscale><attrdef Sync="TRUE">Internal feature number.</attrdef><attrdefs Sync="TRUE">Esri</attrdefs><attrdomv><udom Sync="TRUE">Sequential unique whole numbers that are automatically generated.</udom></attrdomv></attr><attr><attrlabl Sync="TRUE">Shape</attrlabl><attalias Sync="TRUE">Shape</attalias><attrtype Sync="TRUE">Geometry</attrtype><attwidth Sync="TRUE">0</attwidth><atprecis Sync="TRUE">0</atprecis><attscale Sync="TRUE">0</attscale><attrdef Sync="TRUE">Feature geometry.</attrdef><attrdefs Sync="TRUE">Esri</attrdefs><attrdomv><udom Sync="TRUE">Coordinates defining the features.</udom></attrdomv></attr><attr><attrlabl Sync="TRUE">Klasifikasi</attrlabl><attalias Sync="TRUE">Klasifikasi</attalias><attrtype Sync="TRUE">String</attrtype><attwidth Sync="TRUE">50</attwidth><atprecis Sync="TRUE">0</atprecis><attscale Sync="TRUE">0</attscale></attr><attr><attrlabl Sync="TRUE">Shape_Area</attrlabl><attalias Sync="TRUE">Shape_Area</attalias><attrtype Sync="TRUE">Double</attrtype><attwidth Sync="TRUE">8</attwidth><atprecis Sync="TRUE">0</atprecis><attscale Sync="TRUE">0</attscale><attrdef Sync="TRUE">Area of feature in internal units squared.</attrdef><attrdefs Sync="TRUE">Esri</attrdefs><attrdomv><udom Sync="TRUE">Positive real numbers that are automatically generated.</udom></attrdomv></attr><attr><attrlabl Sync="TRUE">Shape_Length</attrlabl><attalias Sync="TRUE">Shape_Length</attalias><attrtype Sync="TRUE">Double</attrtype><attwidth Sync="TRUE">8</attwidth><atprecis Sync="TRUE">0</atprecis><attscale Sync="TRUE">0</attscale><attrdef Sync="TRUE">Length of feature in internal units.</attrdef><attrdefs Sync="TRUE">Esri</attrdefs><attrdomv><udom Sync="TRUE">Positive real numbers that are automatically generated.</udom></attrdomv></attr></detailed></eainfo><mdDateSt Sync="TRUE">20210324</mdDateSt><mdChar><CharSetCd value="004" Sync="TRUE"></CharSetCd></mdChar></metadata>
