<?xml version="1.0" encoding="UTF-8"?>
<metadata xml:lang="en"><Esri><CreaDate>20221109</CreaDate><CreaTime>11094900</CreaTime><ArcGISFormat>1.0</ArcGISFormat><SyncOnce>FALSE</SyncOnce><DataProperties><lineage><Process ToolSource="c:\program files (x86)\arcgis\desktop10.4\ArcToolbox\Toolboxes\Data Management Tools.tbx\CalculateField" Date="20190807" Time="160912">CalculateField PNUNJUKKWSHUTAN_AR_250K_JULI2019 LSKPNJK 66401 VB #</Process><Process ToolSource="c:\program files (x86)\arcgis\desktop10.4\ArcToolbox\Toolboxes\Data Management Tools.tbx\CalculateField" Date="20190808" Time="083910">CalculateField PNUNJUKKWSHUTAN_AR_250K_JULI2019 KET "CITRA SATELIT" VB #</Process><Process ToolSource="c:\program files (x86)\arcgis\desktop10.4\ArcToolbox\Toolboxes\Data Management Tools.tbx\CalculateField" Date="20190808" Time="084037">CalculateField PNUNJUKKWSHUTAN_AR_250K_JULI2019 KET "TIDAK MENGIKUTI RBI (SESUAI SK PENETAPAN KWS)" VB #</Process><Process ToolSource="c:\program files (x86)\arcgis\desktop10.4\ArcToolbox\Toolboxes\Data Management Tools.tbx\CalculateField" Date="20190808" Time="090116">CalculateField PNUNJUKKWSHUTAN_AR_250K_JULI2019 NOSKPNJK "580/MENLHK/SETJEN/SET.1/12/2018" VB #</Process><Process ToolSource="c:\program files (x86)\arcgis\desktop10.4\ArcToolbox\Toolboxes\Data Management Tools.tbx\CalculateField" Date="20190808" Time="090200">CalculateField PNUNJUKKWSHUTAN_AR_250K_JULI2019 TGLSKPNJK "17 dESEMBER 2018" VB #</Process><Process ToolSource="c:\program files (x86)\arcgis\desktop10.4\ArcToolbox\Toolboxes\Data Management Tools.tbx\CalculateField" Date="20190808" Time="090221">CalculateField PNUNJUKKWSHUTAN_AR_250K_JULI2019 TGLSKPNJK "17 DESEMBER 2018" VB #</Process><Process ToolSource="c:\program files (x86)\arcgis\desktop10.4\ArcToolbox\Toolboxes\Data Management Tools.tbx\CalculateField" Date="20190808" Time="090232">CalculateField PNUNJUKKWSHUTAN_AR_250K_JULI2019 TGLSKPNJK "17 DEC 2018" VB #</Process><Process ToolSource="c:\program files (x86)\arcgis\desktop10.4\ArcToolbox\Toolboxes\Data Management Tools.tbx\CalculateField" Date="20190808" Time="090259">CalculateField PNUNJUKKWSHUTAN_AR_250K_JULI2019 LSKPNJK 3550390.23 VB #</Process><Process ToolSource="c:\program files (x86)\arcgis\desktop10.4\ArcToolbox\Toolboxes\Data Management Tools.tbx\CalculateField" Date="20190808" Time="090323">CalculateField PNUNJUKKWSHUTAN_AR_250K_JULI2019 KET NULL VB #</Process><Process ToolSource="c:\program files (x86)\arcgis\desktop10.4\ArcToolbox\Toolboxes\Data Management Tools.tbx\CalculateField" Date="20190808" Time="091050">CalculateField PNUNJUKKWSHUTAN_AR_250K_JULI2019 KET "[NOSKPNJK]+"; "+ [KET]" VB #</Process><Process ToolSource="c:\program files (x86)\arcgis\desktop10.4\ArcToolbox\Toolboxes\Data Management Tools.tbx\CalculateField" Date="20190808" Time="091431">CalculateField PNUNJUKKWSHUTAN_AR_250K_JULI2019 NOSKPNJK "362/Menlhk/Setjen/PLA.0/5/2019" VB #</Process><Process ToolSource="c:\program files (x86)\arcgis\desktop10.4\ArcToolbox\Toolboxes\Data Management Tools.tbx\CalculateField" Date="20190808" Time="091455">CalculateField PNUNJUKKWSHUTAN_AR_250K_JULI2019 TGLSKPNJK "28 may 2019" VB #</Process><Process ToolSource="c:\program files (x86)\arcgis\desktop10.4\ArcToolbox\Toolboxes\Data Management Tools.tbx\CalculateField" Date="20190808" Time="091524">CalculateField PNUNJUKKWSHUTAN_AR_250K_JULI2019 LSKPNJK 2578572.00 VB #</Process><Process ToolSource="c:\program files (x86)\arcgis\desktop10.4\ArcToolbox\Toolboxes\Data Management Tools.tbx\CalculateField" Date="20190808" Time="091652">CalculateField PNUNJUKKWSHUTAN_AR_250K_JULI2019 KET "RTRW Sulsel 2019" VB #</Process><Process ToolSource="c:\program files (x86)\arcgis\desktop10.4\ArcToolbox\Toolboxes\Data Management Tools.tbx\CalculateField" Date="20191017" Time="171920">CalculateField TIPOLOGI_PNUNJUKKWSHUTAN_AR_250K_2018 TIPOLOGI "TETAP" VB #</Process><Process ToolSource="c:\program files (x86)\arcgis\desktop10.4\ArcToolbox\Toolboxes\Data Management Tools.tbx\CalculateField" Date="20191017" Time="172220">CalculateField TIPOLOGI_PNUNJUKKWSHUTAN_AR_250K_2018 TIPOLOGI "TAMBAH" VB #</Process><Process ToolSource="c:\program files (x86)\arcgis\desktop10.4\ArcToolbox\Toolboxes\Data Management Tools.tbx\CalculateField" Date="20191017" Time="172404">CalculateField TIPOLOGI_PNUNJUKKWSHUTAN_AR_250K_2018 TIPOLOGI "KURANG" VB #</Process><Process ToolSource="c:\program files (x86)\arcgis\desktop10.4\ArcToolbox\Toolboxes\Data Management Tools.tbx\CalculateField" Date="20191017" Time="172457">CalculateField TIPOLOGI_PNUNJUKKWSHUTAN_AR_250K_2018 TIPOLOGI "RUBAH" VB #</Process><Process ToolSource="c:\program files (x86)\arcgis\desktop10.4\ArcToolbox\Toolboxes\Data Management Tools.tbx\CalculateField" Date="20191017" Time="172817">CalculateField TIPOLOGI_PNUNJUKKWSHUTAN_AR_250K_2018 KET_1 "PERLU KONFIRMASI KE WALIDATA" VB #</Process><Process ToolSource="c:\program files (x86)\arcgis\desktop10.4\ArcToolbox\Toolboxes\Data Management Tools.tbx\CalculateField" Date="20191017" Time="172852">CalculateField TIPOLOGI_PNUNJUKKWSHUTAN_AR_250K_2018 KET_1 "PERLU KONFIRMASI KE WALIDATA" VB #</Process><Process ToolSource="c:\program files (x86)\arcgis\desktop10.4\ArcToolbox\Toolboxes\Data Management Tools.tbx\CalculateField" Date="20191017" Time="172953">CalculateField TIPOLOGI_PNUNJUKKWSHUTAN_AR_250K_2018 KET_1 "PERLU KONFIRMASI KE WALIDATA" VB #</Process><Process ToolSource="c:\program files (x86)\arcgis\desktop10.4\ArcToolbox\Toolboxes\Data Management Tools.tbx\CalculateField" Date="20191017" Time="173113">CalculateField TIPOLOGI_PNUNJUKKWSHUTAN_AR_250K_2018 KET_1 "PERLU KONFIRMASI KE WALIDATA" VB #</Process><Process ToolSource="c:\program files (x86)\arcgis\desktop10.4\ArcToolbox\Toolboxes\Data Management Tools.tbx\CalculateField" Date="20191017" Time="173243">CalculateField TIPOLOGI_PNUNJUKKWSHUTAN_AR_250K_2018 KET_1 "PERLU KONFIRMASI KE WALIDATA" VB #</Process><Process ToolSource="c:\program files (x86)\arcgis\desktop10.4\ArcToolbox\Toolboxes\Data Management Tools.tbx\CalculateField" Date="20191017" Time="173433">CalculateField TIPOLOGI_PNUNJUKKWSHUTAN_AR_250K_2018 KET_1 "PERLU KONFIRMASI KE WALIDATA" VB #</Process><Process ToolSource="c:\program files (x86)\arcgis\desktop10.4\ArcToolbox\Toolboxes\Data Management Tools.tbx\CalculateField" Date="20191028" Time="090557">CalculateField TIPOLOGI_PNUNJUKKWSHUTAN_AR_250K_2018_SUMA_KALI_281019 NOSKPNJK [NOSKPNJK_1] VB #</Process><Process ToolSource="c:\program files (x86)\arcgis\desktop10.4\ArcToolbox\Toolboxes\Data Management Tools.tbx\CalculateField" Date="20191028" Time="090815">CalculateField TIPOLOGI_PNUNJUKKWSHUTAN_AR_250K_2018_SUMA_KALI_281019 NOSKPNJK "903/MENLHK/SETJEN/PLA.2/12/2016" VB #</Process><Process ToolSource="c:\program files (x86)\arcgis\desktop10.4\ArcToolbox\Toolboxes\Data Management Tools.tbx\CalculateField" Date="20191028" Time="091121">CalculateField TIPOLOGI_PNUNJUKKWSHUTAN_AR_250K_2018_SUMA_KALI_281019 FUNGSIKWS_1 [FUNGSIKWS_12] VB #</Process><Process ToolSource="c:\program files (x86)\arcgis\desktop10.4\ArcToolbox\Toolboxes\Data Management Tools.tbx\CalculateField" Date="20191028" Time="091311">CalculateField TIPOLOGI_PNUNJUKKWSHUTAN_AR_250K_2018_SUMA_KALI_281019 KET_1 [KET_12] VB #</Process><Process ToolSource="c:\program files (x86)\arcgis\desktop10.4\ArcToolbox\Toolboxes\Data Management Tools.tbx\CalculateField" Date="20191028" Time="103351">CalculateField TIPOLOGI_PNUNJUKKWSHUTAN_AR_250K_2018_281019_PROV KODE_PROV_KSP [KDPPUM] VB #</Process><Process ToolSource="c:\program files (x86)\arcgis\desktop10.4\ArcToolbox\Toolboxes\Data Management Tools.tbx\CalculateField" Date="20191028" Time="105244">CalculateField TIPOLOGI_PNUNJUKKWSHUTAN_AR_250K_2018_281019_PROV KODE_PROV_KSP 16 VB #</Process><Process ToolSource="c:\program files (x86)\arcgis\desktop10.4\ArcToolbox\Toolboxes\Data Management Tools.tbx\CalculateField" Date="20191028" Time="105329">CalculateField TIPOLOGI_PNUNJUKKWSHUTAN_AR_250K_2018_281019_PROV KODE_PROV_KSP 17 VB #</Process><Process ToolSource="c:\program files (x86)\arcgis\desktop10.4\ArcToolbox\Toolboxes\Data Management Tools.tbx\CalculateField" Date="20191028" Time="105422">CalculateField TIPOLOGI_PNUNJUKKWSHUTAN_AR_250K_2018_281019_PROV KODE_PROV_KSP 911 VB #</Process><Process ToolSource="c:\program files (x86)\arcgis\desktop10.4\ArcToolbox\Toolboxes\Data Management Tools.tbx\CalculateField" Date="20191028" Time="105500">CalculateField TIPOLOGI_PNUNJUKKWSHUTAN_AR_250K_2018_281019_PROV KODE_PROV_KSP 92 VB #</Process><Process ToolSource="c:\program files (x86)\arcgis\desktop10.4\ArcToolbox\Toolboxes\Data Management Tools.tbx\CalculateField" Date="20191028" Time="105536">CalculateField TIPOLOGI_PNUNJUKKWSHUTAN_AR_250K_2018_281019_PROV KODE_PROV_KSP 91 VB #</Process><Process ToolSource="c:\program files (x86)\arcgis\desktop10.4\ArcToolbox\Toolboxes\Data Management Tools.tbx\CalculateField" Date="20191028" Time="130626">CalculateField TIPOLOGI_PNUNJUKKWSHUTAN_AR_250K_2018_281019_PROV FUNGSIKWS_1 [FUNGSIKWS] VB #</Process><Process ToolSource="c:\program files (x86)\arcgis\desktop10.4\ArcToolbox\Toolboxes\Data Management Tools.tbx\CalculateField" Date="20191028" Time="130651">CalculateField TIPOLOGI_PNUNJUKKWSHUTAN_AR_250K_2018_281019_PROV FUNGSIKWS_1 [FUNGSIKWS] VB #</Process><Process ToolSource="c:\program files (x86)\arcgis\desktop10.4\ArcToolbox\Toolboxes\Data Management Tools.tbx\CalculateField" Date="20191028" Time="130701">CalculateField TIPOLOGI_PNUNJUKKWSHUTAN_AR_250K_2018_281019_PROV FUNGSIKWS_1 [FUNGSIKWS] VB #</Process><Process ToolSource="c:\program files (x86)\arcgis\desktop10.4\ArcToolbox\Toolboxes\Data Management Tools.tbx\CalculateField" Date="20191028" Time="160821">CalculateField TIPOLOGI_PNUNJUKKWSHUTAN_AR_250K_2018_281019_PROV KODE_PROV_KSP [KODEPROV] VB #</Process><Process ToolSource="c:\program files (x86)\arcgis\desktop10.4\ArcToolbox\Toolboxes\Data Management Tools.tbx\CalculateField" Date="20191028" Time="161125">CalculateField TIPOLOGI_PNUNJUKKWSHUTAN_AR_250K_2018_281019_PROV RBI "DI LUAR RBI" VB #</Process><Process ToolSource="c:\program files (x86)\arcgis\desktop10.4\ArcToolbox\Toolboxes\Data Management Tools.tbx\CalculateField" Date="20191028" Time="161243">CalculateField TIPOLOGI_PNUNJUKKWSHUTAN_AR_250K_2018_281019_PROV RBI "DI LUAR RBI" VB #</Process><Process ToolSource="c:\program files (x86)\arcgis\desktop10.4\ArcToolbox\Toolboxes\Data Management Tools.tbx\CalculateField" Date="20191028" Time="161322">CalculateField TIPOLOGI_PNUNJUKKWSHUTAN_AR_250K_2018_281019_PROV KODE_PROV_KSP [KODEPROV] VB #</Process><Process ToolSource="c:\program files (x86)\arcgis\desktop10.4\ArcToolbox\Toolboxes\Data Management Tools.tbx\CalculateField" Date="20191028" Time="161551">CalculateField TIPOLOGI_PNUNJUKKWSHUTAN_AR_250K_2018_281019_PROV KODE_PROV_KSP 14 VB #</Process><Process ToolSource="c:\program files (x86)\arcgis\desktop10.4\ArcToolbox\Toolboxes\Data Management Tools.tbx\CalculateField" Date="20191028" Time="161636">CalculateField TIPOLOGI_PNUNJUKKWSHUTAN_AR_250K_2018_281019_PROV KODE_PROV_KSP 21 VB #</Process><Process ToolSource="c:\program files (x86)\arcgis\desktop10.4\ArcToolbox\Toolboxes\Data Management Tools.tbx\CalculateField" Date="20191028" Time="161752">CalculateField TIPOLOGI_PNUNJUKKWSHUTAN_AR_250K_2018_281019_PROV KODE_PROV_KSP 61 VB #</Process><Process ToolSource="c:\program files (x86)\arcgis\desktop10.4\ArcToolbox\Toolboxes\Data Management Tools.tbx\CalculateField" Date="20191028" Time="161914">CalculateField TIPOLOGI_PNUNJUKKWSHUTAN_AR_250K_2018_281019_PROV KODE_PROV_KSP 63 VB #</Process><Process ToolSource="c:\program files (x86)\arcgis\desktop10.4\ArcToolbox\Toolboxes\Data Management Tools.tbx\CalculateField" Date="20191028" Time="162219">CalculateField TIPOLOGI_PNUNJUKKWSHUTAN_AR_250K_2018_281019_PROV KODE_PROV_KSP 92 VB #</Process><Process ToolSource="c:\program files (x86)\arcgis\desktop10.4\ArcToolbox\Toolboxes\Data Management Tools.tbx\CalculateField" Date="20191028" Time="162410">CalculateField TIPOLOGI_PNUNJUKKWSHUTAN_AR_250K_2018_281019_PROV KODE_PROV_KSP 91 VB #</Process><Process ToolSource="c:\program files (x86)\arcgis\desktop10.4\ArcToolbox\Toolboxes\Data Management Tools.tbx\CalculateField" Date="20191028" Time="162423">CalculateField TIPOLOGI_PNUNJUKKWSHUTAN_AR_250K_2018_281019_PROV KODE_PROV_KSP 91 VB #</Process><Process ToolSource="c:\program files (x86)\arcgis\desktop10.4\ArcToolbox\Toolboxes\Data Management Tools.tbx\CalculateField" Date="20191028" Time="162556">CalculateField TIPOLOGI_PNUNJUKKWSHUTAN_AR_250K_2018_281019_PROV KODE_PROV_KSP 73 VB #</Process><Process ToolSource="c:\program files (x86)\arcgis\desktop10.4\ArcToolbox\Toolboxes\Data Management Tools.tbx\CalculateField" Date="20191028" Time="162621">CalculateField TIPOLOGI_PNUNJUKKWSHUTAN_AR_250K_2018_281019_PROV KODE_PROV_KSP 75 VB #</Process><Process ToolSource="c:\program files (x86)\arcgis\desktop10.4\ArcToolbox\Toolboxes\Data Management Tools.tbx\CalculateField" Date="20191028" Time="162655">CalculateField TIPOLOGI_PNUNJUKKWSHUTAN_AR_250K_2018_281019_PROV KODE_PROV_KSP 71 VB #</Process><Process ToolSource="c:\program files (x86)\arcgis\desktop10.4\ArcToolbox\Toolboxes\Data Management Tools.tbx\CalculateField" Date="20191028" Time="163408">CalculateField TIPOLOGI_PNUNJUKKWSHUTAN_AR_250K_2018_281019_PROV NOSKPNJK "903/MENLHK/SETJEN/PLA.2/12/2016" VB #</Process><Process ToolSource="c:\program files (x86)\arcgis\desktop10.4\ArcToolbox\Toolboxes\Data Management Tools.tbx\CalculateField" Date="20191028" Time="163457">CalculateField TIPOLOGI_PNUNJUKKWSHUTAN_AR_250K_2018_281019_PROV TGLSKPNJK 07/12/2016 VB #</Process><Process ToolSource="c:\program files (x86)\arcgis\desktop10.4\ArcToolbox\Toolboxes\Data Management Tools.tbx\CalculateField" Date="20191028" Time="163708">CalculateField TIPOLOGI_PNUNJUKKWSHUTAN_AR_250K_2018_281019_PROV NOSKPNJK "903/MENLHK/SETJEN/PLA.2/12/2016" VB #</Process><Process ToolSource="c:\program files (x86)\arcgis\desktop10.4\ArcToolbox\Toolboxes\Data Management Tools.tbx\CalculateField" Date="20191028" Time="164006">CalculateField TIPOLOGI_PNUNJUKKWSHUTAN_AR_250K_2018_281019_PROV TGLSKPNJK "06/03/2015" VB #</Process><Process ToolSource="c:\program files (x86)\arcgis\desktop10.4\ArcToolbox\Toolboxes\Data Management Tools.tbx\CalculateField" Date="20191028" Time="164032">CalculateField TIPOLOGI_PNUNJUKKWSHUTAN_AR_250K_2018_281019_PROV LSKPNJK 382131.73 VB #</Process><Process ToolSource="c:\program files (x86)\arcgis\desktop10.4\ArcToolbox\Toolboxes\Data Management Tools.tbx\CalculateField" Date="20191028" Time="164055">CalculateField TIPOLOGI_PNUNJUKKWSHUTAN_AR_250K_2018_281019_PROV NOSKPNJK "76/MenLHK-II/2015" VB #</Process><Process ToolSource="c:\program files (x86)\arcgis\desktop10.4\ArcToolbox\Toolboxes\Data Management Tools.tbx\CalculateField" Date="20191028" Time="164148">CalculateField TIPOLOGI_PNUNJUKKWSHUTAN_AR_250K_2018_281019_PROV TGLSKPNJK "02/09/2014" VB #</Process><Process ToolSource="c:\program files (x86)\arcgis\desktop10.4\ArcToolbox\Toolboxes\Data Management Tools.tbx\CalculateField" Date="20191028" Time="164210">CalculateField TIPOLOGI_PNUNJUKKWSHUTAN_AR_250K_2018_281019_PROV LSKPNJK 8389601 VB #</Process><Process ToolSource="c:\program files (x86)\arcgis\desktop10.4\ArcToolbox\Toolboxes\Data Management Tools.tbx\CalculateField" Date="20191028" Time="164225">CalculateField TIPOLOGI_PNUNJUKKWSHUTAN_AR_250K_2018_281019_PROV NOSKPNJK "733/Menhut-II/2014" VB #</Process><Process ToolSource="c:\program files (x86)\arcgis\desktop10.4\ArcToolbox\Toolboxes\Data Management Tools.tbx\CalculateField" Date="20191028" Time="164344">CalculateField TIPOLOGI_PNUNJUKKWSHUTAN_AR_250K_2018_281019_PROV TGLSKPNJK "23/07/2009" VB #</Process><Process ToolSource="c:\program files (x86)\arcgis\desktop10.4\ArcToolbox\Toolboxes\Data Management Tools.tbx\CalculateField" Date="20191028" Time="164357">CalculateField TIPOLOGI_PNUNJUKKWSHUTAN_AR_250K_2018_281019_PROV LSKPNJK 1779982 VB #</Process><Process ToolSource="c:\program files (x86)\arcgis\desktop10.4\ArcToolbox\Toolboxes\Data Management Tools.tbx\CalculateField" Date="20191028" Time="164410">CalculateField TIPOLOGI_PNUNJUKKWSHUTAN_AR_250K_2018_281019_PROV NOSKPNJK "435/Menhut-II/2009" VB #</Process><Process ToolSource="c:\program files (x86)\arcgis\desktop10.4\ArcToolbox\Toolboxes\Data Management Tools.tbx\CalculateField" Date="20191028" Time="164538">CalculateField TIPOLOGI_PNUNJUKKWSHUTAN_AR_250K_2018_281019_PROV TGLSKPNJK "02/09/2014" VB #</Process><Process ToolSource="c:\program files (x86)\arcgis\desktop10.4\ArcToolbox\Toolboxes\Data Management Tools.tbx\CalculateField" Date="20191028" Time="164551">CalculateField TIPOLOGI_PNUNJUKKWSHUTAN_AR_250K_2018_281019_PROV LSKPNJK 764739 VB #</Process><Process ToolSource="c:\program files (x86)\arcgis\desktop10.4\ArcToolbox\Toolboxes\Data Management Tools.tbx\CalculateField" Date="20191028" Time="164608">CalculateField TIPOLOGI_PNUNJUKKWSHUTAN_AR_250K_2018_281019_PROV NOSKPNJK "734/Menhut-II/2014" VB #</Process><Process ToolSource="c:\program files (x86)\arcgis\desktop10.4\ArcToolbox\Toolboxes\Data Management Tools.tbx\CalculateField" Date="20191028" Time="164645">CalculateField TIPOLOGI_PNUNJUKKWSHUTAN_AR_250K_2018_281019_PROV TGLSKPNJK "28/05/2019" VB #</Process><Process ToolSource="c:\program files (x86)\arcgis\desktop10.4\ArcToolbox\Toolboxes\Data Management Tools.tbx\CalculateField" Date="20191028" Time="164657">CalculateField TIPOLOGI_PNUNJUKKWSHUTAN_AR_250K_2018_281019_PROV LSKPNJK 2578572 VB #</Process><Process ToolSource="c:\program files (x86)\arcgis\desktop10.4\ArcToolbox\Toolboxes\Data Management Tools.tbx\CalculateField" Date="20191028" Time="164717">CalculateField TIPOLOGI_PNUNJUKKWSHUTAN_AR_250K_2018_281019_PROV KET "RTRW Sulsel 2019" VB #</Process><Process ToolSource="c:\program files (x86)\arcgis\desktop10.4\ArcToolbox\Toolboxes\Data Management Tools.tbx\CalculateField" Date="20191028" Time="164734">CalculateField TIPOLOGI_PNUNJUKKWSHUTAN_AR_250K_2018_281019_PROV NOSKPNJK "362/Menlhk/Setjen/PLA.0/5/2019" VB #</Process><Process ToolSource="c:\program files (x86)\arcgis\desktop10.4\ArcToolbox\Toolboxes\Data Management Tools.tbx\CalculateField" Date="20191028" Time="164839">CalculateField TIPOLOGI_PNUNJUKKWSHUTAN_AR_250K_2018_281019_PROV TGLSKPNJK "25/05/2010" VB #</Process><Process ToolSource="c:\program files (x86)\arcgis\desktop10.4\ArcToolbox\Toolboxes\Data Management Tools.tbx\CalculateField" Date="20191028" Time="164850">CalculateField TIPOLOGI_PNUNJUKKWSHUTAN_AR_250K_2018_281019_PROV LSKPNJK 824668 VB #</Process><Process ToolSource="c:\program files (x86)\arcgis\desktop10.4\ArcToolbox\Toolboxes\Data Management Tools.tbx\CalculateField" Date="20191028" Time="164908">CalculateField TIPOLOGI_PNUNJUKKWSHUTAN_AR_250K_2018_281019_PROV NOSKPNJK "325/Menhut-II/2010" VB #</Process><Process ToolSource="c:\program files (x86)\arcgis\desktop10.4\ArcToolbox\Toolboxes\Data Management Tools.tbx\CalculateField" Date="20191028" Time="164959">CalculateField TIPOLOGI_PNUNJUKKWSHUTAN_AR_250K_2018_281019_PROV TGLSKPNJK "22/09/2014" VB #</Process><Process ToolSource="c:\program files (x86)\arcgis\desktop10.4\ArcToolbox\Toolboxes\Data Management Tools.tbx\CalculateField" Date="20191028" Time="165009">CalculateField TIPOLOGI_PNUNJUKKWSHUTAN_AR_250K_2018_281019_PROV LSKPNJK 9713137 VB #</Process><Process ToolSource="c:\program files (x86)\arcgis\desktop10.4\ArcToolbox\Toolboxes\Data Management Tools.tbx\CalculateField" Date="20191028" Time="165021">CalculateField TIPOLOGI_PNUNJUKKWSHUTAN_AR_250K_2018_281019_PROV NOSKPNJK "783/Menhut-II/2014" VB #</Process><Process ToolSource="c:\program files (x86)\arcgis\desktop10.4\ArcToolbox\Toolboxes\Data Management Tools.tbx\CalculateField" Date="20191028" Time="165046">CalculateField TIPOLOGI_PNUNJUKKWSHUTAN_AR_250K_2018_281019_PROV TGLSKPNJK "27/12/2012" VB #</Process><Process ToolSource="c:\program files (x86)\arcgis\desktop10.4\ArcToolbox\Toolboxes\Data Management Tools.tbx\CalculateField" Date="20191028" Time="165058">CalculateField TIPOLOGI_PNUNJUKKWSHUTAN_AR_250K_2018_281019_PROV LSKPNJK 30387499 VB #</Process><Process ToolSource="c:\program files (x86)\arcgis\desktop10.4\ArcToolbox\Toolboxes\Data Management Tools.tbx\CalculateField" Date="20191028" Time="165110">CalculateField TIPOLOGI_PNUNJUKKWSHUTAN_AR_250K_2018_281019_PROV NOSKPNJK "782/Menhut-II/2012" VB #</Process><Process ToolSource="c:\program files (x86)\arcgis\desktop10.4\ArcToolbox\Toolboxes\Data Management Tools.tbx\CalculateField" Date="20191028" Time="165447">CalculateField TIPOLOGI_PNUNJUKKWSHUTAN_AR_250K_2018_281019_PROV KET_1 "dikembalikan ke fungsi awal" VB #</Process><Process ToolSource="c:\program files (x86)\arcgis\desktop10.4\ArcToolbox\Toolboxes\Data Management Tools.tbx\CalculateField" Date="20191028" Time="165504">CalculateField TIPOLOGI_PNUNJUKKWSHUTAN_AR_250K_2018_281019_PROV FUNGSIKWS_1 [FUNGSIKWS] VB #</Process><Process ToolSource="c:\program files (x86)\arcgis\desktop10.4\ArcToolbox\Toolboxes\Data Management Tools.tbx\CalculateField" Date="20191028" Time="165929">CalculateField TIPOLOGI_PNUNJUKKWSHUTAN_AR_250K_2018_281019_PROV TGLSKPNJK "07/12/2016" VB #</Process><Process ToolSource="c:\program files (x86)\arcgis\desktop10.4\ArcToolbox\Toolboxes\Data Management Tools.tbx\CalculateField" Date="20191028" Time="165946">CalculateField TIPOLOGI_PNUNJUKKWSHUTAN_AR_250K_2018_281019_PROV LSKPNJK 5406992 VB #</Process><Process ToolSource="c:\program files (x86)\arcgis\desktop10.4\ArcToolbox\Toolboxes\Data Management Tools.tbx\CalculateField" Date="20191028" Time="170435">CalculateField TIPOLOGI_PNUNJUKKWSHUTAN_AR_250K_2018_281019_PROV TIPOLOGI "" VB #</Process><Process ToolSource="c:\program files (x86)\arcgis\desktop10.4\ArcToolbox\Toolboxes\Data Management Tools.tbx\CalculateField" Date="20191028" Time="170704">CalculateField TIPOLOGI_PNUNJUKKWSHUTAN_AR_250K_2018_281019_PROV KET_1 "" VB #</Process><Process ToolSource="c:\program files (x86)\arcgis\desktop10.4\ArcToolbox\Toolboxes\Data Management Tools.tbx\CalculateField" Date="20191028" Time="171045">CalculateField TIPOLOGI_PNUNJUKKWSHUTAN_AR_250K_2018_281019_PROV KET_1 "" VB #</Process><Process ToolSource="c:\program files (x86)\arcgis\desktop10.4\ArcToolbox\Toolboxes\Data Management Tools.tbx\CalculateField" Date="20191028" Time="171131">CalculateField TIPOLOGI_PNUNJUKKWSHUTAN_AR_250K_2018_281019_PROV KET_1 "" VB #</Process><Process ToolSource="c:\program files (x86)\arcgis\desktop10.4\ArcToolbox\Toolboxes\Data Management Tools.tbx\CalculateField" Date="20191028" Time="171243">CalculateField TIPOLOGI_PNUNJUKKWSHUTAN_AR_250K_2018_281019_PROV KET_1 "" VB #</Process><Process ToolSource="c:\program files (x86)\arcgis\desktop10.4\ArcToolbox\Toolboxes\Data Management Tools.tbx\CalculateField" Date="20191028" Time="171509">CalculateField TIPOLOGI_PNUNJUKKWSHUTAN_AR_250K_2018_281019_PROV KET [KET] VB #</Process><Process ToolSource="c:\program files (x86)\arcgis\desktop10.4\ArcToolbox\Toolboxes\Data Management Tools.tbx\CalculateField" Date="20191028" Time="171534">CalculateField TIPOLOGI_PNUNJUKKWSHUTAN_AR_250K_2018_281019_PROV KET [KET_1] VB #</Process><Process ToolSource="c:\program files (x86)\arcgis\desktop10.4\ArcToolbox\Toolboxes\Data Management Tools.tbx\CalculateField" Date="20191028" Time="171921">CalculateField TIPOLOGI_PNUNJUKKWSHUTAN_AR_250K_2018_281019_PROV TIPOLOGI "TAMBAH" VB #</Process><Process ToolSource="c:\program files (x86)\arcgis\desktop10.4\ArcToolbox\Toolboxes\Data Management Tools.tbx\CalculateField" Date="20191028" Time="172541">CalculateField TIPOLOGI_PNUNJUKKWSHUTAN_AR_250K_2018_281019_PROV TIPOLOGI "KURANG" VB #</Process><Process ToolSource="c:\program files (x86)\arcgis\desktop10.4\ArcToolbox\Toolboxes\Data Management Tools.tbx\CalculateField" Date="20191028" Time="172905">CalculateField TIPOLOGI_PNUNJUKKWSHUTAN_AR_250K_2018_281019_PROV TIPOLOGI "TETAP" VB #</Process><Process ToolSource="c:\program files (x86)\arcgis\desktop10.4\ArcToolbox\Toolboxes\Data Management Tools.tbx\CalculateField" Date="20191028" Time="173036">CalculateField TIPOLOGI_PNUNJUKKWSHUTAN_AR_250K_2018_281019_PROV TIPOLOGI "POLYGON BARU" VB #</Process><Process ToolSource="c:\program files (x86)\arcgis\desktop10.4\ArcToolbox\Toolboxes\Data Management Tools.tbx\CalculateField" Date="20191028" Time="173227">CalculateField TIPOLOGI_PNUNJUKKWSHUTAN_AR_250K_2018_281019_PROV TIPOLOGI "RUBAH" VB #</Process><Process ToolSource="c:\program files (x86)\arcgis\desktop10.4\ArcToolbox\Toolboxes\Data Management Tools.tbx\CalculateField" Date="20191028" Time="173439">CalculateField TIPOLOGI_PNUNJUKKWSHUTAN_AR_250K_2018_281019_PROV KET "PERLU KONFIRMASI KE WALIDATA" VB #</Process><Process ToolSource="c:\program files (x86)\arcgis\desktop10.4\ArcToolbox\Toolboxes\Data Management Tools.tbx\CalculateField" Date="20191105" Time="142201">CalculateField TIPOLOGI_PNUNJUKKWSHUTAN_AR_250K_2018_041119 RBI [KET] VB #</Process><Process ToolSource="c:\program files (x86)\arcgis\desktop10.4\ArcToolbox\Toolboxes\Data Management Tools.tbx\CalculateField" Date="20191106" Time="101409">CalculateField TIPOLOGI_PNUNJUKKWSHUTAN_AR_250K_2018_041119 FGS_KUH_2018 [FUNGSIKWS_1] VB #</Process><Process ToolSource="c:\program files (x86)\arcgis\desktop10.4\ArcToolbox\Toolboxes\Data Management Tools.tbx\CalculateField" Date="20191106" Time="102948">CalculateField TIPOLOGI_PNUNJUKKWSHUTAN_AR_250K_2018_041119 TIPOLOGI "tetap" VB #</Process><Process ToolSource="c:\program files (x86)\arcgis\desktop10.4\ArcToolbox\Toolboxes\Data Management Tools.tbx\CalculateField" Date="20191106" Time="103944">CalculateField TIPOLOGI_PNUNJUKKWSHUTAN_AR_250K_2018_041119 TIPOLOGI "polygon baru" VB #</Process><Process ToolSource="c:\program files (x86)\arcgis\desktop10.4\ArcToolbox\Toolboxes\Data Management Tools.tbx\CalculateField" Date="20191106" Time="104354">CalculateField TIPOLOGI_PNUNJUKKWSHUTAN_AR_250K_2018_041119 TIPOLOGI "kurang" VB #</Process><Process ToolSource="c:\program files (x86)\arcgis\desktop10.4\ArcToolbox\Toolboxes\Data Management Tools.tbx\CalculateField" Date="20191106" Time="111306">CalculateField TIPOLOGI_PNUNJUKKWSHUTAN_AR_250K_2018_041119 TIPOLOGI "tambah" VB #</Process><Process ToolSource="c:\program files (x86)\arcgis\desktop10.4\ArcToolbox\Toolboxes\Data Management Tools.tbx\CalculateField" Date="20191106" Time="111406">CalculateField TIPOLOGI_PNUNJUKKWSHUTAN_AR_250K_2018_041119 TIPOLOGI "rubah" VB #</Process><Process ToolSource="c:\program files (x86)\arcgis\desktop10.4\ArcToolbox\Toolboxes\Data Management Tools.tbx\CalculateField" Date="20191106" Time="111819">CalculateField TIPOLOGI_PNUNJUKKWSHUTAN_AR_250K_2018_041119 TIPOLOGI "tambah" VB #</Process><Process ToolSource="c:\program files (x86)\arcgis\desktop10.4\ArcToolbox\Toolboxes\Data Management Tools.tbx\CalculateField" Date="20191106" Time="112020">CalculateField TIPOLOGI_PNUNJUKKWSHUTAN_AR_250K_2018_041119 TIPOLOGI "kurang" VB #</Process><Process ToolSource="c:\program files (x86)\arcgis\desktop10.4\ArcToolbox\Toolboxes\Data Management Tools.tbx\CalculateField" Date="20191106" Time="112129">CalculateField TIPOLOGI_PNUNJUKKWSHUTAN_AR_250K_2018_041119 TIPOLOGI "polygon baru" VB #</Process><Process ToolSource="c:\program files (x86)\arcgis\desktop10.4\ArcToolbox\Toolboxes\Data Management Tools.tbx\CalculateField" Date="20191106" Time="112325">CalculateField TIPOLOGI_PNUNJUKKWSHUTAN_AR_250K_2018_041119 TIPOLOGI "rubah" VB #</Process><Process ToolSource="c:\program files (x86)\arcgis\desktop10.4\ArcToolbox\Toolboxes\Data Management Tools.tbx\CalculateField" Date="20191106" Time="112458">CalculateField TIPOLOGI_PNUNJUKKWSHUTAN_AR_250K_2018_041119 TIPOLOGI "tambah" VB #</Process><Process ToolSource="c:\program files (x86)\arcgis\desktop10.4\ArcToolbox\Toolboxes\Data Management Tools.tbx\CalculateField" Date="20191106" Time="112559">CalculateField TIPOLOGI_PNUNJUKKWSHUTAN_AR_250K_2018_041119 TIPOLOGI "rubah" VB #</Process><Process ToolSource="c:\program files (x86)\arcgis\desktop10.4\ArcToolbox\Toolboxes\Data Management Tools.tbx\CalculateField" Date="20191106" Time="112650">CalculateField TIPOLOGI_PNUNJUKKWSHUTAN_AR_250K_2018_041119 TIPOLOGI "rubah" VB #</Process><Process ToolSource="c:\program files (x86)\arcgis\desktop10.4\ArcToolbox\Toolboxes\Data Management Tools.tbx\CalculateField" Date="20191106" Time="112801">CalculateField TIPOLOGI_PNUNJUKKWSHUTAN_AR_250K_2018_041119 TIPOLOGI "rubah" VB #</Process><Process ToolSource="c:\program files (x86)\arcgis\desktop10.4\ArcToolbox\Toolboxes\Data Management Tools.tbx\CalculateField" Date="20191106" Time="113026">CalculateField TIPOLOGI_PNUNJUKKWSHUTAN_AR_250K_2018_041119 KET "RTRW Sulawesi Selatan" VB #</Process><Process ToolSource="c:\program files (x86)\arcgis\desktop10.4\ArcToolbox\Toolboxes\Data Management Tools.tbx\CalculateField" Date="20191106" Time="113822">CalculateField TIPOLOGI_PNUNJUKKWSHUTAN_AR_250K_2018_041119 Seksi "SUMATERA" VB #</Process><Process ToolSource="c:\program files (x86)\arcgis\desktop10.4\ArcToolbox\Toolboxes\Data Management Tools.tbx\CalculateField" Date="20191106" Time="114019">CalculateField TIPOLOGI_PNUNJUKKWSHUTAN_AR_250K_2018_041119 Seksi "SULAWESI" VB #</Process><Process ToolSource="c:\program files (x86)\arcgis\desktop10.4\ArcToolbox\Toolboxes\Data Management Tools.tbx\CalculateField" Date="20191106" Time="114146">CalculateField TIPOLOGI_PNUNJUKKWSHUTAN_AR_250K_2018_041119 Seksi "SUMATERA" VB #</Process><Process ToolSource="c:\program files (x86)\arcgis\desktop10.4\ArcToolbox\Toolboxes\Data Management Tools.tbx\CalculateField" Date="20191106" Time="114228">CalculateField TIPOLOGI_PNUNJUKKWSHUTAN_AR_250K_2018_041119 Seksi "KALIMANTAN" VB #</Process><Process ToolSource="c:\program files (x86)\arcgis\desktop10.4\ArcToolbox\Toolboxes\Data Management Tools.tbx\CalculateField" Date="20191106" Time="114302">CalculateField TIPOLOGI_PNUNJUKKWSHUTAN_AR_250K_2018_041119 Seksi "PAPUA" VB #</Process><Process ToolSource="c:\program files (x86)\arcgis\desktop10.6\ArcToolbox\Toolboxes\Data Management Tools.tbx\CalculateField" Date="20191111" Time="092744">CalculateField data_kuhII\TIPOLOGI_PNUNJUKKWSHUTAN_AR_250K_2018_061119 KET "Perubahan batas mengikuti TBT TN BBBR sesuai LAP.82/BPKH.V-3/2010 tanggal  Desember 2010 berdasarkan TGHK, namun BATB belum disahkan" VB #</Process><Process ToolSource="c:\program files (x86)\arcgis\desktop10.6\ArcToolbox\Toolboxes\Data Management Tools.tbx\CalculateField" Date="20191111" Time="092800">CalculateField data_kuhII\TIPOLOGI_PNUNJUKKWSHUTAN_AR_250K_2018_061119 TIPOLOGI "tetap" VB #</Process><Process ToolSource="c:\program files (x86)\arcgis\desktop10.6\ArcToolbox\Toolboxes\Data Management Tools.tbx\CalculateField" Date="20191111" Time="092837">CalculateField data_kuhII\TIPOLOGI_PNUNJUKKWSHUTAN_AR_250K_2018_061119 FGS_KUH_2018 [FUNGSIKWS] VB #</Process><Process ToolSource="c:\program files (x86)\arcgis\desktop10.6\ArcToolbox\Toolboxes\Data Management Tools.tbx\CalculateField" Date="20191111" Time="173109">CalculateField data_kuhII\TIPOLOGI_PNUNJUKKWSHUTAN_AR_250K_2018_061119 KET "PERLU KONFIRMASI KE WALIDATA (betul di Luar RBI)" VB #</Process><Process ToolSource="c:\program files (x86)\arcgis\desktop10.6\ArcToolbox\Toolboxes\Data Management Tools.tbx\CalculateField" Date="20191111" Time="184921">CalculateField data_kuhII\TIPOLOGI_PNUNJUKKWSHUTAN_AR_250K_2018_061119 KET "PERLU KONFIRMASI KE WALIDATA" VB #</Process><Process ToolSource="c:\program files (x86)\arcgis\desktop10.6\ArcToolbox\Toolboxes\Data Management Tools.tbx\CalculateField" Date="20191111" Time="185315">CalculateField data_kuhII\TIPOLOGI_PNUNJUKKWSHUTAN_AR_250K_2018_061119 FGS_KOR 0 VB #</Process><Process ToolSource="c:\program files (x86)\arcgis\desktop10.6\ArcToolbox\Toolboxes\Data Management Tools.tbx\CalculateField" Date="20191111" Time="190243">CalculateField data_kuhII\TIPOLOGI_PNUNJUKKWSHUTAN_AR_250K_2018_061119 ALASAN "DI LUAR RBI (LAUT)" VB #</Process><Process ToolSource="c:\program files (x86)\arcgis\desktop10.6\ArcToolbox\Toolboxes\Data Management Tools.tbx\CalculateField" Date="20191111" Time="191319">CalculateField data_kuhII\TIPOLOGI_PNUNJUKKWSHUTAN_AR_250K_2018_061119 FGS_KOR 100241 VB #</Process><Process ToolSource="c:\program files (x86)\arcgis\desktop10.6\ArcToolbox\Toolboxes\Data Management Tools.tbx\CalculateField" Date="20191111" Time="191409">CalculateField data_kuhII\TIPOLOGI_PNUNJUKKWSHUTAN_AR_250K_2018_061119 ALASAN "DI LUAR RBI (LAUT); MERUPAKAN AREAL TNL" VB #</Process><Process ToolSource="c:\program files (x86)\arcgis\desktop10.5\ArcToolbox\Toolboxes\Data Management Tools.tbx\CalculateField" Date="20191113" Time="131219">CalculateField TIPOLOGI_PNUNJUKKWSHUTAN_AR_250K_2018_061119 TIPOLOGI "RUBAH" VB #</Process><Process ToolSource="c:\program files (x86)\arcgis\desktop10.5\ArcToolbox\Toolboxes\Data Management Tools.tbx\CalculateField" Date="20191113" Time="131255">CalculateField TIPOLOGI_PNUNJUKKWSHUTAN_AR_250K_2018_061119 FGS_KOR "1005" VB #</Process><Process ToolSource="c:\program files (x86)\arcgis\desktop10.5\ArcToolbox\Toolboxes\Data Management Tools.tbx\CalculateField" Date="20191113" Time="131830">CalculateField TIPOLOGI_PNUNJUKKWSHUTAN_AR_250K_2018_061119 FGS_KOR [FGS_KUH_2018] VB #</Process><Process ToolSource="c:\program files (x86)\arcgis\desktop10.5\ArcToolbox\Toolboxes\Data Management Tools.tbx\CalculateField" Date="20191113" Time="131947">CalculateField TIPOLOGI_PNUNJUKKWSHUTAN_AR_250K_2018_061119 FGS_KOR [FGS_KUH_2018] VB #</Process><Process ToolSource="c:\program files (x86)\arcgis\desktop10.5\ArcToolbox\Toolboxes\Data Management Tools.tbx\CalculateField" Date="20191113" Time="132003">CalculateField TIPOLOGI_PNUNJUKKWSHUTAN_AR_250K_2018_061119 ALASAN [KET] VB #</Process><Process ToolSource="c:\program files (x86)\arcgis\desktop10.5\ArcToolbox\Toolboxes\Data Management Tools.tbx\CalculateField" Date="20191113" Time="132046">CalculateField TIPOLOGI_PNUNJUKKWSHUTAN_AR_250K_2018_061119 ALASAN [KET] VB #</Process><Process ToolSource="c:\program files (x86)\arcgis\desktop10.5\ArcToolbox\Toolboxes\Data Management Tools.tbx\CalculateField" Date="20191113" Time="132145">CalculateField TIPOLOGI_PNUNJUKKWSHUTAN_AR_250K_2018_061119 TIPOLOGI "TAMBAH" VB #</Process><Process ToolSource="c:\program files (x86)\arcgis\desktop10.5\ArcToolbox\Toolboxes\Data Management Tools.tbx\CalculateField" Date="20191113" Time="132205">CalculateField TIPOLOGI_PNUNJUKKWSHUTAN_AR_250K_2018_061119 TIPOLOGI "KURANG" VB #</Process><Process ToolSource="c:\program files (x86)\arcgis\desktop10.5\ArcToolbox\Toolboxes\Data Management Tools.tbx\CalculateField" Date="20191113" Time="132239">CalculateField TIPOLOGI_PNUNJUKKWSHUTAN_AR_250K_2018_061119 ALASAN [KET] VB #</Process><Process ToolSource="c:\program files (x86)\arcgis\desktop10.5\ArcToolbox\Toolboxes\Data Management Tools.tbx\CalculateField" Date="20191113" Time="132312">CalculateField TIPOLOGI_PNUNJUKKWSHUTAN_AR_250K_2018_061119 FGS_KOR [FGS_KUH_2018] VB #</Process><Process ToolSource="c:\program files (x86)\arcgis\desktop10.5\ArcToolbox\Toolboxes\Data Management Tools.tbx\CalculateField" Date="20191113" Time="132320">CalculateField TIPOLOGI_PNUNJUKKWSHUTAN_AR_250K_2018_061119 ALASAN [KET] VB #</Process><Process ToolSource="c:\program files (x86)\arcgis\desktop10.5\ArcToolbox\Toolboxes\Data Management Tools.tbx\CalculateField" Date="20191113" Time="132342">CalculateField TIPOLOGI_PNUNJUKKWSHUTAN_AR_250K_2018_061119 TIPOLOGI "TAMBAH" VB #</Process><Process ToolSource="c:\program files (x86)\arcgis\desktop10.5\ArcToolbox\Toolboxes\Data Management Tools.tbx\CalculateField" Date="20191113" Time="132408">CalculateField TIPOLOGI_PNUNJUKKWSHUTAN_AR_250K_2018_061119 TIPOLOGI "KURANG" VB #</Process><Process ToolSource="c:\program files (x86)\arcgis\desktop10.5\ArcToolbox\Toolboxes\Data Management Tools.tbx\CalculateField" Date="20191113" Time="132527">CalculateField TIPOLOGI_PNUNJUKKWSHUTAN_AR_250K_2018_061119 TIPOLOGI "TETAP" VB #</Process><Process ToolSource="c:\program files (x86)\arcgis\desktop10.5\ArcToolbox\Toolboxes\Data Management Tools.tbx\CalculateField" Date="20191113" Time="132536">CalculateField TIPOLOGI_PNUNJUKKWSHUTAN_AR_250K_2018_061119 ALASAN [KET] VB #</Process><Process ToolSource="c:\program files (x86)\arcgis\desktop10.5\ArcToolbox\Toolboxes\Data Management Tools.tbx\CalculateField" Date="20191113" Time="132553">CalculateField TIPOLOGI_PNUNJUKKWSHUTAN_AR_250K_2018_061119 FGS_KOR [FGS_KUH_2018] VB #</Process><Process ToolSource="c:\program files (x86)\arcgis\desktop10.5\ArcToolbox\Toolboxes\Data Management Tools.tbx\CalculateField" Date="20191113" Time="133411">CalculateField TIPOLOGI_PNUNJUKKWSHUTAN_AR_250K_2018_061119 FGS_KOR [FGS_KUH_2018] VB #</Process><Process ToolSource="c:\program files (x86)\arcgis\desktop10.5\ArcToolbox\Toolboxes\Data Management Tools.tbx\CalculateField" Date="20191113" Time="133422">CalculateField TIPOLOGI_PNUNJUKKWSHUTAN_AR_250K_2018_061119 ALASAN "oke sajalah" VB #</Process><Process ToolSource="c:\program files (x86)\arcgis\desktop10.5\ArcToolbox\Toolboxes\Data Management Tools.tbx\CalculateField" Date="20191113" Time="135838">CalculateField TIPOLOGI_PNUNJUKKWSHUTAN_AR_250K_2018_061119 ALASAN [FGS_KUH_2018] VB #</Process><Process ToolSource="c:\program files (x86)\arcgis\desktop10.5\ArcToolbox\Toolboxes\Data Management Tools.tbx\CalculateField" Date="20191113" Time="135850">CalculateField TIPOLOGI_PNUNJUKKWSHUTAN_AR_250K_2018_061119 ALASAN [KET] VB #</Process><Process ToolSource="c:\program files (x86)\arcgis\desktop10.5\ArcToolbox\Toolboxes\Data Management Tools.tbx\CalculateField" Date="20191113" Time="140234">CalculateField TIPOLOGI_PNUNJUKKWSHUTAN_AR_250K_2018_061119 KET "KURANG" VB #</Process><Process ToolSource="c:\program files (x86)\arcgis\desktop10.5\ArcToolbox\Toolboxes\Data Management Tools.tbx\CalculateField" Date="20191113" Time="140246">CalculateField TIPOLOGI_PNUNJUKKWSHUTAN_AR_250K_2018_061119 TIPOLOGI "KURANG" VB #</Process><Process ToolSource="c:\program files (x86)\arcgis\desktop10.5\ArcToolbox\Toolboxes\Data Management Tools.tbx\CalculateField" Date="20191113" Time="140323">CalculateField TIPOLOGI_PNUNJUKKWSHUTAN_AR_250K_2018_061119 ALASAN "Provinsi Kalimantan Utara" VB #</Process><Process ToolSource="c:\program files (x86)\arcgis\desktop10.5\ArcToolbox\Toolboxes\Data Management Tools.tbx\CalculateField" Date="20191113" Time="141656">CalculateField TIPOLOGI_PNUNJUKKWSHUTAN_AR_250K_2018_061119 ALASAN "Ikut SK.529" VB #</Process><Process ToolSource="c:\program files (x86)\arcgis\desktop10.5\ArcToolbox\Toolboxes\Data Management Tools.tbx\CalculateField" Date="20191113" Time="142206">CalculateField TIPOLOGI_PNUNJUKKWSHUTAN_AR_250K_2018_061119 ALASAN "BATB HPT Hulu Sungai Lawa - Hulu Sungai Tuang tanggal 23 Januari 2018" VB #</Process><Process ToolSource="c:\program files (x86)\arcgis\desktop10.5\ArcToolbox\Toolboxes\Data Management Tools.tbx\CalculateField" Date="20191113" Time="143831">CalculateField TIPOLOGI_PNUNJUKKWSHUTAN_AR_250K_2018_061119 FGS_KOR [FGS_KUH_2018] VB #</Process><Process ToolSource="c:\program files (x86)\arcgis\desktop10.5\ArcToolbox\Toolboxes\Data Management Tools.tbx\CalculateField" Date="20191113" Time="144213">CalculateField TIPOLOGI_PNUNJUKKWSHUTAN_AR_250K_2018_061119 FGS_KOR [FGS_KUH_2018] VB #</Process><Process ToolSource="c:\program files (x86)\arcgis\desktop10.5\ArcToolbox\Toolboxes\Data Management Tools.tbx\CalculateField" Date="20191113" Time="144301">CalculateField TIPOLOGI_PNUNJUKKWSHUTAN_AR_250K_2018_061119 ALASAN "Mengikuti batas penetapan KH sesuai Kepmenhut Nomor SK.3244/MenLHK-PKTL/KUH/PLA.2/7/2016" VB #</Process><Process ToolSource="c:\program files (x86)\arcgis\desktop10.5\ArcToolbox\Toolboxes\Data Management Tools.tbx\CalculateField" Date="20191113" Time="144546">CalculateField TIPOLOGI_PNUNJUKKWSHUTAN_AR_250K_2018_061119 ALASAN "Ikut SK.718" VB #</Process><Process ToolSource="c:\program files (x86)\arcgis\desktop10.5\ArcToolbox\Toolboxes\Data Management Tools.tbx\CalculateField" Date="20191113" Time="155128">CalculateField TIPOLOGI_PNUNJUKKWSHUTAN_AR_250K_2018_061119 ALASAN "BATB Sebagian HL Bontang tanggal 2 November 2017" VB #</Process><Process ToolSource="c:\program files (x86)\arcgis\desktop10.5\ArcToolbox\Toolboxes\Data Management Tools.tbx\CalculateField" Date="20191113" Time="155153">CalculateField TIPOLOGI_PNUNJUKKWSHUTAN_AR_250K_2018_061119 FGS_KOR [FGS_KUH_2018] VB #</Process><Process ToolSource="c:\program files (x86)\arcgis\desktop10.5\ArcToolbox\Toolboxes\Data Management Tools.tbx\CalculateField" Date="20191113" Time="160026">CalculateField TIPOLOGI_PNUNJUKKWSHUTAN_AR_250K_2018_061119 TIPOLOGI "KURANG" VB #</Process><Process ToolSource="c:\program files (x86)\arcgis\desktop10.5\ArcToolbox\Toolboxes\Data Management Tools.tbx\CalculateField" Date="20191113" Time="160041">CalculateField TIPOLOGI_PNUNJUKKWSHUTAN_AR_250K_2018_061119 FGS_KOR "1007" VB #</Process><Process ToolSource="c:\program files (x86)\arcgis\desktop10.5\ArcToolbox\Toolboxes\Data Management Tools.tbx\CalculateField" Date="20191113" Time="160055">CalculateField TIPOLOGI_PNUNJUKKWSHUTAN_AR_250K_2018_061119 ALASAN "Rekom Ombudsman RI, kembalikan ke SK.554" VB #</Process><Process ToolSource="c:\program files (x86)\arcgis\desktop10.5\ArcToolbox\Toolboxes\Data Management Tools.tbx\CalculateField" Date="20191113" Time="161210">CalculateField TIPOLOGI_PNUNJUKKWSHUTAN_AR_250K_2018_061119 TIPOLOGI "TETAP" VB #</Process><Process ToolSource="c:\program files (x86)\arcgis\desktop10.5\ArcToolbox\Toolboxes\Data Management Tools.tbx\CalculateField" Date="20191113" Time="161250">CalculateField TIPOLOGI_PNUNJUKKWSHUTAN_AR_250K_2018_061119 FGS_KOR [FGS_KUH_2018] VB #</Process><Process ToolSource="c:\program files (x86)\arcgis\desktop10.5\ArcToolbox\Toolboxes\Data Management Tools.tbx\CalculateField" Date="20200206" Time="082537">CalculateField Proses_Kaltim2019 KET "" VB #</Process><Process ToolSource="c:\program files (x86)\arcgis\desktop10.5\ArcToolbox\Toolboxes\Data Management Tools.tbx\CalculateField" Date="20200206" Time="082630">CalculateField Proses_Kaltim2019 RBI "" VB #</Process><Process ToolSource="c:\program files (x86)\arcgis\desktop10.5\ArcToolbox\Toolboxes\Data Management Tools.tbx\CalculateField" Date="20200206" Time="082656">CalculateField Proses_Kaltim2019 FGS_KUH_20 "" VB #</Process><Process ToolSource="c:\program files (x86)\arcgis\desktop10.5\ArcToolbox\Toolboxes\Data Management Tools.tbx\CalculateField" Date="20200206" Time="082929">CalculateField Proses_Kaltim2019 F_2019 [FGS_KOR] VB #</Process><Process ToolSource="c:\program files (x86)\arcgis\desktop10.5\ArcToolbox\Toolboxes\Data Management Tools.tbx\CalculateField" Date="20200206" Time="083611">CalculateField Proses_Kaltim2019 F_2018 [F_2019] VB #</Process><Process ToolSource="c:\program files (x86)\arcgis\desktop10.5\ArcToolbox\Toolboxes\Data Management Tools.tbx\CalculateField" Date="20200206" Time="090054">CalculateField Proses_Kaltim2019 KET_UBAH "BATB HP Sungai Sentekan - Sungai Barambai dan HPK Sungai Monggoh, BATB tanggal 28 Juli 2016" VB #</Process><Process ToolSource="c:\program files (x86)\arcgis\desktop10.5\ArcToolbox\Toolboxes\Data Management Tools.tbx\CalculateField" Date="20200206" Time="092148">CalculateField Proses_Kaltim2019 F_2019 "1005" VB #</Process><Process ToolSource="c:\program files (x86)\arcgis\desktop10.5\ArcToolbox\Toolboxes\Data Management Tools.tbx\CalculateField" Date="20200206" Time="092257">CalculateField Proses_Kaltim2019 KET_UBAH "BATB Fungsi HP/HPK S. Ratah tanggal 19 Oktober 2017" VB #</Process><Process ToolSource="c:\program files (x86)\arcgis\desktop10.5\ArcToolbox\Toolboxes\Data Management Tools.tbx\CalculateField" Date="20200206" Time="092455">CalculateField Proses_Kaltim2019 KET_UBAH "BATB Fungsi HP/HPK S. Ratah tanggal 19 Oktober 2017" VB #</Process><Process ToolSource="c:\program files (x86)\arcgis\desktop10.5\ArcToolbox\Toolboxes\Data Management Tools.tbx\CalculateField" Date="20200206" Time="092531">CalculateField Proses_Kaltim2019 KET_UBAH "BATB Fungsi HP/HPK S. Ratah tanggal 19 Oktober 2017" VB #</Process><Process ToolSource="c:\program files (x86)\arcgis\desktop10.5\ArcToolbox\Toolboxes\Data Management Tools.tbx\CalculateField" Date="20200206" Time="092610">CalculateField Proses_Kaltim2019 KET_UBAH "BATB Fungsi HP/HPK S. Ratah tanggal 19 Oktober 2017" VB #</Process><Process ToolSource="c:\program files (x86)\arcgis\desktop10.5\ArcToolbox\Toolboxes\Data Management Tools.tbx\CalculateField" Date="20200206" Time="092857">CalculateField Proses_Kaltim2019 KET_UBAH "BATB Fungsi HP/HPK S. Ratah tanggal 19 Oktober 2017" VB #</Process><Process ToolSource="c:\program files (x86)\arcgis\desktop10.5\ArcToolbox\Toolboxes\Data Management Tools.tbx\CalculateField" Date="20200206" Time="092948">CalculateField Proses_Kaltim2019 F_2019 "1005" VB #</Process><Process ToolSource="c:\program files (x86)\arcgis\desktop10.5\ArcToolbox\Toolboxes\Data Management Tools.tbx\CalculateField" Date="20200206" Time="093104">CalculateField Proses_Kaltim2019 F_2019 "1005" VB #</Process><Process ToolSource="c:\program files (x86)\arcgis\desktop10.5\ArcToolbox\Toolboxes\Data Management Tools.tbx\CalculateField" Date="20200206" Time="093228">CalculateField Proses_Kaltim2019 KET_UBAH "BATB Fungsi HP/HPK S. Ratah tanggal 19 Oktober 2017" VB #</Process><Process ToolSource="c:\program files (x86)\arcgis\desktop10.5\ArcToolbox\Toolboxes\Data Management Tools.tbx\CalculateField" Date="20200206" Time="093543">CalculateField Proses_Kaltim2019 KET_UBAH "BATB Fungsi HP/HPK S. Ratah tanggal 19 Oktober 2017" VB #</Process><Process ToolSource="c:\program files (x86)\arcgis\desktop10.5\ArcToolbox\Toolboxes\Data Management Tools.tbx\CalculateField" Date="20200206" Time="093555">CalculateField Proses_Kaltim2019 F_2019 "1003" VB #</Process><Process ToolSource="c:\program files (x86)\arcgis\desktop10.5\ArcToolbox\Toolboxes\Data Management Tools.tbx\CalculateField" Date="20200206" Time="093745">CalculateField Proses_Kaltim2019 F_2019 "1005" VB #</Process><Process ToolSource="c:\program files (x86)\arcgis\desktop10.5\ArcToolbox\Toolboxes\Data Management Tools.tbx\CalculateField" Date="20200206" Time="093752">CalculateField Proses_Kaltim2019 KET_UBAH "BATB Fungsi HP/HPK S. Ratah tanggal 19 Oktober 2017" VB #</Process><Process ToolSource="c:\program files (x86)\arcgis\desktop10.5\ArcToolbox\Toolboxes\Data Management Tools.tbx\CalculateField" Date="20200210" Time="132356">CalculateField Proses_Kaltim2019 KET_UBAH "BATB HP Sungai Kedang Dalam tanggal 20 Maret 2013 dan 1 Maret 2016" VB #</Process><Process ToolSource="c:\program files (x86)\arcgis\desktop10.5\ArcToolbox\Toolboxes\Data Management Tools.tbx\CalculateField" Date="20200210" Time="132407">CalculateField Proses_Kaltim2019 F_2019 "1007" VB #</Process><Process ToolSource="c:\program files (x86)\arcgis\desktop10.5\ArcToolbox\Toolboxes\Data Management Tools.tbx\CalculateField" Date="20200210" Time="132530">CalculateField Proses_Kaltim2019 KET_UBAH "BATB HP Sungai Kedang Dalam tanggal 20 Maret 2013" VB #</Process><Process ToolSource="c:\program files (x86)\arcgis\desktop10.5\ArcToolbox\Toolboxes\Data Management Tools.tbx\CalculateField" Date="20200210" Time="133019">CalculateField Proses_Kaltim2019 KET_UBAH "BATB HP Sungai Kedang Dalam tanggal 20 Maret 2013" VB #</Process><Process ToolSource="c:\program files (x86)\arcgis\desktop10.5\ArcToolbox\Toolboxes\Data Management Tools.tbx\CalculateField" Date="20200210" Time="133028">CalculateField Proses_Kaltim2019 F_2019 "1007" VB #</Process><Process ToolSource="c:\program files (x86)\arcgis\desktop10.5\ArcToolbox\Toolboxes\Data Management Tools.tbx\CalculateField" Date="20200210" Time="163822">CalculateField Proses_Kaltim2019 KET_UBAH "BATB HP Barat S. Mahakam - Timur Batu Ayau tanggal 15 Desember 2015" VB #</Process><Process ToolSource="c:\program files (x86)\arcgis\desktop10.5\ArcToolbox\Toolboxes\Data Management Tools.tbx\CalculateField" Date="20200210" Time="163832">CalculateField Proses_Kaltim2019 F_2019 "1007" VB #</Process><Process ToolSource="c:\program files (x86)\arcgis\desktop10.5\ArcToolbox\Toolboxes\Data Management Tools.tbx\CalculateField" Date="20200210" Time="164004">CalculateField Proses_Kaltim2019 F_2019 "1003" VB #</Process><Process ToolSource="c:\program files (x86)\arcgis\desktop10.5\ArcToolbox\Toolboxes\Data Management Tools.tbx\CalculateField" Date="20200210" Time="164022">CalculateField Proses_Kaltim2019 KET_UBAH "BATB HP Barat S. Mahakam - Timur Batu Ayau tangal 15 Desember 2015" VB #</Process><Process ToolSource="c:\program files (x86)\arcgis\desktop10.5\ArcToolbox\Toolboxes\Data Management Tools.tbx\CalculateField" Date="20200210" Time="165711">CalculateField Proses_Kaltim2019 KET_UBAH "BATB HL Kong Kemul tanggal 24 Mei 2016" VB #</Process><Process ToolSource="c:\program files (x86)\arcgis\desktop10.5\ArcToolbox\Toolboxes\Data Management Tools.tbx\CalculateField" Date="20200210" Time="165723">CalculateField Proses_Kaltim2019 F_2019 "1004" VB #</Process><Process ToolSource="c:\program files (x86)\arcgis\desktop10.5\ArcToolbox\Toolboxes\Data Management Tools.tbx\CalculateField" Date="20200210" Time="170303">CalculateField Proses_Kaltim2019 F_2019 "1004" VB #</Process><Process ToolSource="c:\program files (x86)\arcgis\desktop10.5\ArcToolbox\Toolboxes\Data Management Tools.tbx\CalculateField" Date="20200210" Time="170311">CalculateField Proses_Kaltim2019 KET_UBAH "BATB HL Kong Kemul tanggal 24 Mei 2016" VB #</Process><Process ToolSource="c:\program files (x86)\arcgis\desktop10.5\ArcToolbox\Toolboxes\Data Management Tools.tbx\CalculateField" Date="20200210" Time="170417">CalculateField Proses_Kaltim2019 KET_UBAH "BATB HL Kong Kemul tanggal 24 Mei 2016" VB #</Process><Process ToolSource="c:\program files (x86)\arcgis\desktop10.5\ArcToolbox\Toolboxes\Data Management Tools.tbx\CalculateField" Date="20200210" Time="170427">CalculateField Proses_Kaltim2019 F_2019 "1004" VB #</Process><Process ToolSource="c:\program files (x86)\arcgis\desktop10.5\ArcToolbox\Toolboxes\Data Management Tools.tbx\CalculateField" Date="20200625" Time="151121">CalculateField Proses_Kaltim2019 KET_UBAH "BATB TN Kutai tanggal 13 Desember 2017" VB #</Process><Process ToolSource="c:\program files (x86)\arcgis\desktop10.5\ArcToolbox\Toolboxes\Data Management Tools.tbx\CalculateField" Date="20200625" Time="151137">CalculateField Proses_Kaltim2019 F_2019 "10024" VB #</Process><Process ToolSource="c:\program files (x86)\arcgis\desktop10.5\ArcToolbox\Toolboxes\Data Management Tools.tbx\CalculateField" Date="20200625" Time="151254">CalculateField Proses_Kaltim2019 F_2019 "1007" VB #</Process><Process ToolSource="c:\program files (x86)\arcgis\desktop10.5\ArcToolbox\Toolboxes\Data Management Tools.tbx\CalculateField" Date="20200625" Time="151309">CalculateField Proses_Kaltim2019 KET_UBAH "BATB TN Kutai tanggal 13 Desember 2017" VB #</Process><Process ToolSource="c:\program files (x86)\arcgis\desktop10.5\ArcToolbox\Toolboxes\Data Management Tools.tbx\CalculateField" Date="20200625" Time="151339">CalculateField Proses_Kaltim2019 KET_UBAH "BATB TN Kutai tanggal 13 Desember 2017" VB #</Process><Process ToolSource="c:\program files (x86)\arcgis\desktop10.5\ArcToolbox\Toolboxes\Data Management Tools.tbx\CalculateField" Date="20200625" Time="162436">CalculateField Proses_Kaltim2019 F_2019 "1007" VB #</Process><Process ToolSource="c:\program files (x86)\arcgis\desktop10.5\ArcToolbox\Toolboxes\Data Management Tools.tbx\CalculateField" Date="20200625" Time="162604">CalculateField Proses_Kaltim2019 F_2019 "1001" VB #</Process><Process ToolSource="c:\program files (x86)\arcgis\desktop10.5\ArcToolbox\Toolboxes\Data Management Tools.tbx\CalculateField" Date="20200629" Time="111053">CalculateField Proses_Kaltim2019 TIPOLOGI "KURANG" VB #</Process><Process ToolSource="c:\program files (x86)\arcgis\desktop10.5\ArcToolbox\Toolboxes\Data Management Tools.tbx\CalculateField" Date="20200629" Time="111147">CalculateField Proses_Kaltim2019 TIPOLOGI "TAMBAH" VB #</Process><Process ToolSource="c:\program files (x86)\arcgis\desktop10.5\ArcToolbox\Toolboxes\Data Management Tools.tbx\CalculateField" Date="20200629" Time="112211">CalculateField Proses_Kaltim2019 KET_UBAH "HP Sungai Suaran dan Sungai Tabalar tanggal 24 Agustus 2016" VB #</Process><Process ToolSource="c:\program files (x86)\arcgis\desktop10.5\ArcToolbox\Toolboxes\Data Management Tools.tbx\CalculateField" Date="20200629" Time="125113">CalculateField Proses_Kaltim2019 KET_UBAH "SK.254/Menlhk/Setjen/PLA.2/5/2018" VB #</Process><Process ToolSource="c:\program files (x86)\arcgis\desktop10.5\ArcToolbox\Toolboxes\Data Management Tools.tbx\CalculateField" Date="20200629" Time="125855">CalculateField Proses_Kaltim2019 KET_UBAH "BATB Sebagian HL Bontang tanggal 2 November 2017" VB #</Process><Process ToolSource="c:\program files (x86)\arcgis\desktop10.5\ArcToolbox\Toolboxes\Data Management Tools.tbx\CalculateField" Date="20200803" Time="161227">CalculateField Proses_Kaltim2019 F_2019 "1007" VB #</Process><Process ToolSource="c:\program files (x86)\arcgis\desktop10.5\ArcToolbox\Toolboxes\Data Management Tools.tbx\CalculateField" Date="20200803" Time="161319">CalculateField Proses_Kaltim2019 KET_UBAH "BATB Enklave Desa Kendesiq Pada Kawasan HP Sungai Tuang Tanggal 15 Desember 2015" VB #</Process><Process ToolSource="c:\program files (x86)\arcgis\desktop10.5\ArcToolbox\Toolboxes\Data Management Tools.tbx\CalculateField" Date="20200803" Time="161746">CalculateField Proses_Kaltim2019 KET_UBAH "BATB Enklave Desa Kendesiq Pada Kawasan HP Sungai Tuang Tanggal 15 Desember 2015" VB #</Process><Process ToolSource="c:\program files (x86)\arcgis\desktop10.5\ArcToolbox\Toolboxes\Data Management Tools.tbx\CalculateField" Date="20200803" Time="161755">CalculateField Proses_Kaltim2019 F_2019 "1003" VB #</Process><Process ToolSource="c:\program files (x86)\arcgis\desktop10.5\ArcToolbox\Toolboxes\Data Management Tools.tbx\CalculateField" Date="20200803" Time="161839">CalculateField Proses_Kaltim2019 F_2019 "1007" VB #</Process><Process ToolSource="c:\program files (x86)\arcgis\desktop10.5\ArcToolbox\Toolboxes\Data Management Tools.tbx\CalculateField" Date="20200803" Time="161901">CalculateField Proses_Kaltim2019 KET_UBAH "BATB Enklave Desa Kendesiq Pada Kawasan HP Sungai Tuang Tanggal 15 Desember 2015" VB #</Process><Process ToolSource="c:\program files (x86)\arcgis\desktop10.5\ArcToolbox\Toolboxes\Data Management Tools.tbx\CalculateField" Date="20200922" Time="101834">CalculateField Proses_Kaltim2019 F_2019 "1004" VB #</Process><Process ToolSource="c:\program files (x86)\arcgis\desktop10.5\ArcToolbox\Toolboxes\Data Management Tools.tbx\CalculateField" Date="20200922" Time="102042">CalculateField Proses_Kaltim2019 KET_UBAH "BATB Enklave HPT Kawasan HPT Gn. Meratus tanggal 15 Desember 2015" VB #</Process><Process ToolSource="c:\program files (x86)\arcgis\desktop10.5\ArcToolbox\Toolboxes\Data Management Tools.tbx\CalculateField" Date="20200922" Time="102258">CalculateField Proses_Kaltim2019 KET_UBAH "BATB Enklave Kawasan HPT Gn. Meratus tanggal 15 Desember 2015" VB #</Process><Process ToolSource="c:\program files (x86)\arcgis\desktop10.5\ArcToolbox\Toolboxes\Data Management Tools.tbx\CalculateField" Date="20200922" Time="111705">CalculateField Proses_Kaltim2019 KET_UBAH "BATB HP Sungai Suaran dan Sungai Tabalar tanggal 24 Agustus 2016" VB #</Process><Process ToolSource="c:\program files (x86)\arcgis\desktop10.5\ArcToolbox\Toolboxes\Data Management Tools.tbx\CalculateField" Date="20200922" Time="111950">CalculateField Proses_Kaltim2019 KET_UBAH "BATB HPT Hulu Sungai Patah - Hulu Sungai Pujuh tanggal 15 Desember 2015" VB #</Process><Process ToolSource="c:\program files (x86)\arcgis\desktop10.5\ArcToolbox\Toolboxes\Data Management Tools.tbx\CalculateField" Date="20200925" Time="103834">CalculateField Proses_Kaltim2019 F_2019 "1005" VB #</Process><Process ToolSource="c:\program files (x86)\arcgis\desktop10.5\ArcToolbox\Toolboxes\Data Management Tools.tbx\CalculateField" Date="20200925" Time="103913">CalculateField Proses_Kaltim2019 KET_UBAH "Disesuaikan dengan BATB S.Pedohon - S. Penoon tanggal 1 Januari 2014" VB #</Process><Process ToolSource="c:\program files (x86)\arcgis\desktop10.5\ArcToolbox\Toolboxes\Data Management Tools.tbx\CalculateField" Date="20200925" Time="104435">CalculateField Proses_Kaltim2019 F_2019 "1004" VB #</Process><Process ToolSource="c:\program files (x86)\arcgis\desktop10.5\ArcToolbox\Toolboxes\Data Management Tools.tbx\CalculateField" Date="20200925" Time="104454">CalculateField Proses_Kaltim2019 KET_UBAH "Disesuaikan dengan BATB S.Pedohon - S. Penoon tanggal 1 Januari 2014" VB #</Process><Process ToolSource="c:\program files (x86)\arcgis\desktop10.5\ArcToolbox\Toolboxes\Data Management Tools.tbx\CalculateField" Date="20200925" Time="104731">CalculateField Proses_Kaltim2019 TIPOLOGI "RUBAH" VB #</Process><Process ToolSource="c:\program files (x86)\arcgis\desktop10.5\ArcToolbox\Toolboxes\Data Management Tools.tbx\CalculateField" Date="20200925" Time="104855">CalculateField Proses_Kaltim2019 TIPOLOGI "RUBAH" VB #</Process><Process ToolSource="c:\program files (x86)\arcgis\desktop10.5\ArcToolbox\Toolboxes\Data Management Tools.tbx\CalculateField" Date="20200925" Time="105435">CalculateField Proses_Kaltim2019 TIPOLOGI "KURANG" VB #</Process><Process ToolSource="c:\program files (x86)\arcgis\desktop10.5\ArcToolbox\Toolboxes\Data Management Tools.tbx\CalculateField" Date="20200925" Time="105537">CalculateField Proses_Kaltim2019 TIPOLOGI "KURANG" VB #</Process><Process ToolSource="c:\program files (x86)\arcgis\desktop10.5\ArcToolbox\Toolboxes\Data Management Tools.tbx\CalculateField" Date="20200925" Time="105753">CalculateField Proses_Kaltim2019 TIPOLOGI "TAMBAH" VB #</Process><Process ToolSource="c:\program files (x86)\arcgis\desktop10.5\ArcToolbox\Toolboxes\Data Management Tools.tbx\CalculateField" Date="20200925" Time="105824">CalculateField Proses_Kaltim2019 TIPOLOGI "UBAH" VB #</Process><Process ToolSource="c:\program files (x86)\arcgis\desktop10.5\ArcToolbox\Toolboxes\Data Management Tools.tbx\CalculateField" Date="20200925" Time="105901">CalculateField Proses_Kaltim2019 TIPOLOGI "UBAH" VB #</Process><Process ToolSource="c:\program files (x86)\arcgis\desktop10.5\ArcToolbox\Toolboxes\Data Management Tools.tbx\CalculateField" Date="20200925" Time="105943">CalculateField Proses_Kaltim2019 TIPOLOGI "TAMBAH" VB #</Process><Process ToolSource="c:\program files (x86)\arcgis\desktop10.5\ArcToolbox\Toolboxes\Data Management Tools.tbx\CalculateField" Date="20200925" Time="110033">CalculateField Proses_Kaltim2019 TIPOLOGI "TAMBAH" VB #</Process><Process ToolSource="c:\program files (x86)\arcgis\desktop10.5\ArcToolbox\Toolboxes\Data Management Tools.tbx\CalculateField" Date="20200925" Time="110137">CalculateField Proses_Kaltim2019 TIPOLOGI "KURANG" VB #</Process><Process ToolSource="c:\program files (x86)\arcgis\desktop10.5\ArcToolbox\Toolboxes\Data Management Tools.tbx\CalculateField" Date="20200925" Time="110204">CalculateField Proses_Kaltim2019 TIPOLOGI "UBAH" VB #</Process><Process ToolSource="c:\program files (x86)\arcgis\desktop10.5\ArcToolbox\Toolboxes\Data Management Tools.tbx\CalculateField" Date="20200925" Time="112719">CalculateField Proses_Kaltim2019 TIPOLOGI "TAMBAH" VB #</Process><Process ToolSource="c:\program files (x86)\arcgis\desktop10.5\ArcToolbox\Toolboxes\Data Management Tools.tbx\CalculateField" Date="20200925" Time="112833">CalculateField Proses_Kaltim2019 TIPOLOGI "UBAH" VB #</Process><Process ToolSource="c:\program files (x86)\arcgis\desktop10.5\ArcToolbox\Toolboxes\Data Management Tools.tbx\CalculateField" Date="20200925" Time="150252">CalculateField Proses_Kaltim2019 KET_UBAH "Disesuaikan dengan BATB HP S.Pedohon - S. Penoon tanggal 1 Januari 2014" VB #</Process><Process ToolSource="c:\program files (x86)\arcgis\desktop10.5\ArcToolbox\Toolboxes\Data Management Tools.tbx\CalculateField" Date="20200930" Time="171215">CalculateField Proses_Kaltim2019 KET_UBAH "BATB HPT, HP dan HPK Hulu Sungai Karangan tanggal 5 Juli 2016" VB #</Process><Process ToolSource="c:\program files (x86)\arcgis\desktop10.5\ArcToolbox\Toolboxes\Data Management Tools.tbx\CalculateField" Date="20201002" Time="102039">CalculateField Proses_Kaltim2019 F_2018 "1003" VB #</Process><Process ToolSource="c:\program files (x86)\arcgis\desktop10.5\ArcToolbox\Toolboxes\Data Management Tools.tbx\CalculateField" Date="20201002" Time="102541">CalculateField Proses_Kaltim2019 F_2018 "1007" VB #</Process><Process ToolSource="c:\program files (x86)\arcgis\desktop10.5\ArcToolbox\Toolboxes\Data Management Tools.tbx\CalculateField" Date="20201002" Time="102652">CalculateField Proses_Kaltim2019 KET_UBAH "" VB #</Process><Process ToolSource="c:\program files (x86)\arcgis\desktop10.5\ArcToolbox\Toolboxes\Data Management Tools.tbx\CalculateField" Date="20201002" Time="102718">CalculateField Proses_Kaltim2019 KET_UBAH "" VB #</Process><Process ToolSource="c:\program files (x86)\arcgis\desktop10.5\ArcToolbox\Toolboxes\Data Management Tools.tbx\CalculateField" Date="20201002" Time="102731">CalculateField Proses_Kaltim2019 KET_UBAH "" VB #</Process><Process ToolSource="c:\program files (x86)\arcgis\desktop10.5\ArcToolbox\Toolboxes\Data Management Tools.tbx\CalculateField" Date="20201002" Time="102750">CalculateField Proses_Kaltim2019 KET_UBAH "" VB #</Process><Process ToolSource="c:\program files (x86)\arcgis\desktop10.5\ArcToolbox\Toolboxes\Data Management Tools.tbx\CalculateField" Date="20201002" Time="103942">CalculateField Proses_Kaltim2019 KET_UBAH "" VB #</Process><Process ToolSource="c:\program files (x86)\arcgis\desktop10.5\ArcToolbox\Toolboxes\Data Management Tools.tbx\CalculateField" Date="20201002" Time="142428">CalculateField Proses_Kaltim2019 KET_UBAH "" VB #</Process><Process ToolSource="c:\program files (x86)\arcgis\desktop10.5\ArcToolbox\Toolboxes\Data Management Tools.tbx\CalculateField" Date="20201002" Time="144523">CalculateField Proses_Kaltim2019 F_2019 "1003" VB #</Process><Process ToolSource="c:\program files (x86)\arcgis\desktop10.5\ArcToolbox\Toolboxes\Data Management Tools.tbx\CalculateField" Date="20201002" Time="144610">CalculateField Proses_Kaltim2019 F_2019 "1003" VB #</Process><Process ToolSource="c:\program files (x86)\arcgis\desktop10.5\ArcToolbox\Toolboxes\Data Management Tools.tbx\CalculateField" Date="20201002" Time="150233">CalculateField Proses_Kaltim2019 KET_UBAH "" VB #</Process><Process ToolSource="c:\program files (x86)\arcgis\desktop10.5\ArcToolbox\Toolboxes\Data Management Tools.tbx\CalculateField" Date="20201002" Time="150251">CalculateField Proses_Kaltim2019 KET_UBAH "" VB #</Process><Process ToolSource="c:\program files (x86)\arcgis\desktop10.5\ArcToolbox\Toolboxes\Data Management Tools.tbx\CalculateField" Date="20201016" Time="103823">CalculateField Proses_Kaltim2019 F_2019 "1007" VB #</Process><Process ToolSource="c:\program files (x86)\arcgis\desktop10.5\ArcToolbox\Toolboxes\Data Management Tools.tbx\CalculateField" Date="20201016" Time="103921">CalculateField Proses_Kaltim2019 KET_UBAH "BATB Sebagian HP Sungai Birang - Sungai Ulak tanggal 29 Desember 2013" VB #</Process><Process ToolSource="c:\program files (x86)\arcgis\desktop10.5\ArcToolbox\Toolboxes\Data Management Tools.tbx\CalculateField" Date="20201016" Time="104225">CalculateField Proses_Kaltim2019 KET_UBAH "BATB Sebagian HP Sungai Birang - Sungai Ulak tanggal 29 Desember 2013" VB #</Process><Process ToolSource="c:\program files (x86)\arcgis\desktop10.5\ArcToolbox\Toolboxes\Data Management Tools.tbx\CalculateField" Date="20201016" Time="104402">CalculateField Proses_Kaltim2019 KET_UBAH "BATB Sebagian HP Sungai Birang - Sungai Ulak tanggal 29 Desember 2013" VB #</Process><Process ToolSource="c:\program files (x86)\arcgis\desktop10.5\ArcToolbox\Toolboxes\Data Management Tools.tbx\CalculateField" Date="20201016" Time="111504">CalculateField Proses_Kaltim2019 F_2019 "1007" VB #</Process><Process ToolSource="c:\program files (x86)\arcgis\desktop10.5\ArcToolbox\Toolboxes\Data Management Tools.tbx\CalculateField" Date="20201016" Time="111714">CalculateField Proses_Kaltim2019 KET_UBAH "Rekonstrusi sebagian Batas Tahura Bukit Soeharto sesuai Laporan Nomor ..." VB #</Process><Process ToolSource="c:\program files (x86)\arcgis\desktop10.5\ArcToolbox\Toolboxes\Data Management Tools.tbx\CalculateField" Date="20201016" Time="140128">CalculateField Proses_Kaltim2019 TIPOLOGI "TAMBAH" VB #</Process><Process ToolSource="c:\program files (x86)\arcgis\desktop10.5\ArcToolbox\Toolboxes\Data Management Tools.tbx\CalculateField" Date="20201016" Time="140205">CalculateField Proses_Kaltim2019 TIPOLOGI "KURANG" VB #</Process><Process ToolSource="c:\program files (x86)\arcgis\desktop10.5\ArcToolbox\Toolboxes\Data Management Tools.tbx\CalculateField" Date="20210108" Time="134115">CalculateField Proses_Kaltim2019 KET_UBAH "BATB Sebagian HP Sungai Birang - Sungai Ulak tanggal 29 Desember 2013" VB #</Process><Process ToolSource="c:\program files (x86)\arcgis\desktop10.5\ArcToolbox\Toolboxes\Data Management Tools.tbx\CalculateField" Date="20210108" Time="134140">CalculateField Proses_Kaltim2019 F_2019 "1007" VB #</Process><Process ToolSource="c:\program files (x86)\arcgis\desktop10.5\ArcToolbox\Toolboxes\Data Management Tools.tbx\CalculateField" Date="20210108" Time="170326">CalculateField Proses_Kaltim2019 KET_UBAH "HP Muara S. Kasungai - S. Semuntai tanggal 24 Mei 2016" VB #</Process><Process ToolSource="c:\program files (x86)\arcgis\desktop10.5\ArcToolbox\Toolboxes\Data Management Tools.tbx\CalculateField" Date="20210108" Time="170339">CalculateField Proses_Kaltim2019 F_2019 "1007" VB #</Process><Process ToolSource="c:\program files (x86)\arcgis\desktop10.5\ArcToolbox\Toolboxes\Data Management Tools.tbx\CalculateField" Date="20210114" Time="134255">CalculateField "ISI PETA\Proses_Kaltim2020" F_2020 [F_2019] VB #</Process><Process ToolSource="c:\program files (x86)\arcgis\desktop10.5\ArcToolbox\Toolboxes\Data Management Tools.tbx\CalculateField" Date="20210114" Time="170310">CalculateField Proses_Kaltim2020 KET_UBAH "BATB HP Sungai Tiwei - Sungai Bongan tanggal 15 Desember 2015" VB #</Process><Process ToolSource="c:\program files (x86)\arcgis\desktop10.5\ArcToolbox\Toolboxes\Data Management Tools.tbx\CalculateField" Date="20210114" Time="170328">CalculateField Proses_Kaltim2020 F_2020 "1007" VB #</Process><Process ToolSource="c:\program files (x86)\arcgis\desktop10.5\ArcToolbox\Toolboxes\Data Management Tools.tbx\CalculateField" Date="20210114" Time="170700">CalculateField Proses_Kaltim2020 KET_UBAH "" VB #</Process><Process ToolSource="c:\program files (x86)\arcgis\desktop10.5\ArcToolbox\Toolboxes\Data Management Tools.tbx\CalculateField" Date="20210114" Time="173704">CalculateField Proses_Kaltim2020 KET_UBAH "" VB #</Process><Process ToolSource="c:\program files (x86)\arcgis\desktop10.5\ArcToolbox\Toolboxes\Data Management Tools.tbx\CalculateField" Date="20210114" Time="173731">CalculateField Proses_Kaltim2020 KET_UBAH "" VB #</Process><Process ToolSource="c:\program files (x86)\arcgis\desktop10.5\ArcToolbox\Toolboxes\Data Management Tools.tbx\CalculateField" Date="20210114" Time="173921">CalculateField Proses_Kaltim2020 KET_UBAH "" VB #</Process><Process ToolSource="c:\program files (x86)\arcgis\desktop10.5\ArcToolbox\Toolboxes\Data Management Tools.tbx\CalculateField" Date="20210114" Time="174001">CalculateField Proses_Kaltim2020 KET_UBAH "" VB #</Process><Process ToolSource="c:\program files (x86)\arcgis\desktop10.5\ArcToolbox\Toolboxes\Data Management Tools.tbx\CalculateField" Date="20210114" Time="174059">CalculateField Proses_Kaltim2020 KET_UBAH "" VB #</Process><Process ToolSource="c:\program files (x86)\arcgis\desktop10.5\ArcToolbox\Toolboxes\Data Management Tools.tbx\CalculateField" Date="20210114" Time="174208">CalculateField Proses_Kaltim2020 KET_UBAH "" VB #</Process><Process ToolSource="c:\program files (x86)\arcgis\desktop10.5\ArcToolbox\Toolboxes\Data Management Tools.tbx\CalculateField" Date="20210114" Time="174345">CalculateField Proses_Kaltim2020 KET_UBAH "" VB #</Process><Process ToolSource="c:\program files (x86)\arcgis\desktop10.5\ArcToolbox\Toolboxes\Data Management Tools.tbx\CalculateField" Date="20210114" Time="174504">CalculateField Proses_Kaltim2020 KET_UBAH "" VB #</Process><Process ToolSource="c:\program files (x86)\arcgis\desktop10.5\ArcToolbox\Toolboxes\Data Management Tools.tbx\CalculateField" Date="20210114" Time="174745">CalculateField Proses_Kaltim2020 KET_UBAH "" VB #</Process><Process ToolSource="c:\program files (x86)\arcgis\desktop10.5\ArcToolbox\Toolboxes\Data Management Tools.tbx\CalculateField" Date="20210114" Time="174835">CalculateField Proses_Kaltim2020 KET_UBAH "" VB #</Process><Process ToolSource="c:\program files (x86)\arcgis\desktop10.5\ArcToolbox\Toolboxes\Data Management Tools.tbx\CalculateField" Date="20210114" Time="174935">CalculateField Proses_Kaltim2020 KET_UBAH "" VB #</Process><Process ToolSource="c:\program files (x86)\arcgis\desktop10.5\ArcToolbox\Toolboxes\Data Management Tools.tbx\CalculateField" Date="20210114" Time="175003">CalculateField Proses_Kaltim2020 KET_UBAH "" VB #</Process><Process ToolSource="c:\program files (x86)\arcgis\desktop10.5\ArcToolbox\Toolboxes\Data Management Tools.tbx\CalculateField" Date="20210114" Time="175025">CalculateField Proses_Kaltim2020 KET_UBAH "" VB #</Process><Process ToolSource="c:\program files (x86)\arcgis\desktop10.5\ArcToolbox\Toolboxes\Data Management Tools.tbx\CalculateField" Date="20210114" Time="175039">CalculateField Proses_Kaltim2020 KET_UBAH "" VB #</Process><Process ToolSource="c:\program files (x86)\arcgis\desktop10.5\ArcToolbox\Toolboxes\Data Management Tools.tbx\CalculateField" Date="20210114" Time="175050">CalculateField Proses_Kaltim2020 KET_UBAH "" VB #</Process><Process ToolSource="c:\program files (x86)\arcgis\desktop10.5\ArcToolbox\Toolboxes\Data Management Tools.tbx\CalculateField" Date="20210114" Time="175248">CalculateField Proses_Kaltim2020 KET_UBAH "" VB #</Process><Process ToolSource="c:\program files (x86)\arcgis\desktop10.5\ArcToolbox\Toolboxes\Data Management Tools.tbx\CalculateField" Date="20210114" Time="175256">CalculateField Proses_Kaltim2020 KET_UBAH "" VB #</Process><Process ToolSource="c:\program files (x86)\arcgis\desktop10.5\ArcToolbox\Toolboxes\Data Management Tools.tbx\CalculateField" Date="20210114" Time="175314">CalculateField Proses_Kaltim2020 KET_UBAH "" VB #</Process><Process ToolSource="c:\program files (x86)\arcgis\desktop10.5\ArcToolbox\Toolboxes\Data Management Tools.tbx\CalculateField" Date="20210114" Time="175328">CalculateField Proses_Kaltim2020 KET_UBAH "" VB #</Process><Process ToolSource="c:\program files (x86)\arcgis\desktop10.5\ArcToolbox\Toolboxes\Data Management Tools.tbx\CalculateField" Date="20210114" Time="175342">CalculateField Proses_Kaltim2020 KET_UBAH "" VB #</Process><Process ToolSource="c:\program files (x86)\arcgis\desktop10.5\ArcToolbox\Toolboxes\Data Management Tools.tbx\CalculateField" Date="20210114" Time="175352">CalculateField Proses_Kaltim2020 KET_UBAH "" VB #</Process><Process ToolSource="c:\program files (x86)\arcgis\desktop10.5\ArcToolbox\Toolboxes\Data Management Tools.tbx\CalculateField" Date="20210114" Time="175401">CalculateField Proses_Kaltim2020 KET_UBAH "" VB #</Process><Process ToolSource="c:\program files (x86)\arcgis\desktop10.5\ArcToolbox\Toolboxes\Data Management Tools.tbx\CalculateField" Date="20210114" Time="175421">CalculateField Proses_Kaltim2020 KET_UBAH "" VB #</Process><Process ToolSource="c:\program files (x86)\arcgis\desktop10.5\ArcToolbox\Toolboxes\Data Management Tools.tbx\CalculateField" Date="20210114" Time="175430">CalculateField Proses_Kaltim2020 KET_UBAH "" VB #</Process><Process ToolSource="c:\program files (x86)\arcgis\desktop10.5\ArcToolbox\Toolboxes\Data Management Tools.tbx\CalculateField" Date="20210114" Time="175442">CalculateField Proses_Kaltim2020 KET_UBAH "" VB #</Process><Process ToolSource="c:\program files (x86)\arcgis\desktop10.5\ArcToolbox\Toolboxes\Data Management Tools.tbx\CalculateField" Date="20210114" Time="175453">CalculateField Proses_Kaltim2020 KET_UBAH "" VB #</Process><Process ToolSource="c:\program files (x86)\arcgis\desktop10.5\ArcToolbox\Toolboxes\Data Management Tools.tbx\CalculateField" Date="20210114" Time="175504">CalculateField Proses_Kaltim2020 KET_UBAH "" VB #</Process><Process ToolSource="c:\program files (x86)\arcgis\desktop10.5\ArcToolbox\Toolboxes\Data Management Tools.tbx\CalculateField" Date="20210114" Time="175527">CalculateField Proses_Kaltim2020 KET_UBAH "" VB #</Process><Process ToolSource="c:\program files (x86)\arcgis\desktop10.5\ArcToolbox\Toolboxes\Data Management Tools.tbx\CalculateField" Date="20210114" Time="181925">CalculateField Proses_Kaltim2020 KET_UBAH "BATB Enklave Desa Kendesiq Pada Kawasan HP Sungai Tuang Tanggal 15 Desember 2015" VB #</Process><Process ToolSource="c:\program files (x86)\arcgis\desktop10.5\ArcToolbox\Toolboxes\Data Management Tools.tbx\CalculateField" Date="20210114" Time="181941">CalculateField Proses_Kaltim2020 KET_UBAH "BATB Enklave Desa Kendesiq Pada Kawasan HP Sungai Tuang Tanggal 15 Desember 2015" VB #</Process><Process ToolSource="c:\program files (x86)\arcgis\desktop10.5\ArcToolbox\Toolboxes\Data Management Tools.tbx\CalculateField" Date="20210114" Time="182016">CalculateField Proses_Kaltim2020 KET_UBAH "BATB Enklave Desa Kendesiq Pada Kawasan HP Sungai Tuang Tanggal 15 Desember 2015" VB #</Process><Process ToolSource="c:\program files (x86)\arcgis\desktop10.5\ArcToolbox\Toolboxes\Data Management Tools.tbx\CalculateField" Date="20210114" Time="182037">CalculateField Proses_Kaltim2020 KET_UBAH "BATB Enklave Desa Kendesiq Pada Kawasan HP Sungai Tuang Tanggal 15 Desember 2015" VB #</Process><Process ToolSource="c:\program files (x86)\arcgis\desktop10.5\ArcToolbox\Toolboxes\Data Management Tools.tbx\CalculateField" Date="20210115" Time="100351">CalculateField Proses_Kaltim2020 KET_UBAH "BATB HP Sungai Tiwei - Sungai Bongan tanggal 15 Desember 2015" VB #</Process><Process ToolSource="c:\program files (x86)\arcgis\desktop10.5\ArcToolbox\Toolboxes\Data Management Tools.tbx\CalculateField" Date="20210115" Time="100623">CalculateField Proses_Kaltim2020 F_2020 "1003" VB #</Process><Process ToolSource="c:\program files (x86)\arcgis\desktop10.5\ArcToolbox\Toolboxes\Data Management Tools.tbx\CalculateField" Date="20210115" Time="105338">CalculateField Proses_Kaltim2020 KET_UBAH "BATB TN Kutai tanggal 13 Desember 2017" VB #</Process><Process ToolSource="c:\program files (x86)\arcgis\desktop10.5\ArcToolbox\Toolboxes\Data Management Tools.tbx\CalculateField" Date="20210121" Time="102914">CalculateField Proses_Kaltim2020 KET_UBAH "BATB HPT Hulu Sungai Patah - Hulu Sungai Pujuh tanggal 15 Desember 2015" VB #</Process><Process ToolSource="c:\program files (x86)\arcgis\desktop10.5\ArcToolbox\Toolboxes\Data Management Tools.tbx\CalculateField" Date="20210121" Time="110240">CalculateField Proses_Kaltim2020 KET_UBAH "BATB HP Sungai Kedang Dalam tanggal 1 Maret 2016" VB #</Process><Process ToolSource="c:\program files (x86)\arcgis\desktop10.5\ArcToolbox\Toolboxes\Data Management Tools.tbx\CalculateField" Date="20210121" Time="110820">CalculateField Proses_Kaltim2020 KET_UBAH "BATB HP Sungai Kedang Dalam tanggal 1 Maret 2016" VB #</Process><Process ToolSource="c:\program files (x86)\arcgis\desktop10.5\ArcToolbox\Toolboxes\Data Management Tools.tbx\CalculateField" Date="20210121" Time="111148">CalculateField Proses_Kaltim2020 KET_UBAH "BATB HP Sungai Long Poq tanggal 10 Maret 2015" VB #</Process><Process ToolSource="c:\program files (x86)\arcgis\desktop10.5\ArcToolbox\Toolboxes\Data Management Tools.tbx\CalculateField" Date="20210121" Time="111902">CalculateField Proses_Kaltim2020 KET_UBAH "BATB HPT, HP dan HPK Hulu Sungai Karangan tanggal 5 Juli 2016" VB #</Process><Process ToolSource="c:\program files (x86)\arcgis\desktop10.5\ArcToolbox\Toolboxes\Data Management Tools.tbx\CalculateField" Date="20210121" Time="112407">CalculateField Proses_Kaltim2020 KET_UBAH "BATB HPT, HP dan HPK Hulu Sungai Karangan tanggal 5 Juli 2016" VB #</Process><Process ToolSource="c:\program files (x86)\arcgis\desktop10.5\ArcToolbox\Toolboxes\Data Management Tools.tbx\CalculateField" Date="20210121" Time="112812">CalculateField Proses_Kaltim2020 KET_UBAH "BATB HPT, HP dan HPK Hulu Sungai Karangan tanggal 5 Juli 2016" VB #</Process><Process ToolSource="c:\program files (x86)\arcgis\desktop10.5\ArcToolbox\Toolboxes\Data Management Tools.tbx\CalculateField" Date="20210303" Time="132411">CalculateField Proses_Kaltim2020 KET_UBAH "BATB HP Batu Ampar tanggal 17 Maret 2014" VB #</Process><Process ToolSource="c:\program files (x86)\arcgis\desktop10.5\ArcToolbox\Toolboxes\Data Management Tools.tbx\CalculateField" Date="20210707" Time="133315">CalculateField Proses_Kaltim2020 KET_UBAH "BATB HP S. Manubar - S. Damnyungsung tanggal 24 Mei 2016" VB #</Process><Process ToolSource="c:\program files (x86)\arcgis\desktop10.5\ArcToolbox\Toolboxes\Data Management Tools.tbx\CalculateField" Date="20210713" Time="101407">CalculateField Proses_Kaltim2020 F_2020 "1007" VB #</Process><Process ToolSource="c:\program files (x86)\arcgis\desktop10.5\ArcToolbox\Toolboxes\Data Management Tools.tbx\CalculateField" Date="20210713" Time="101624">CalculateField Proses_Kaltim2020 KET_UBAH "BATB Enklave Desa Telake pada Kawasan HP Hulu Sungai Telake tanggal 29 Desember 2015" VB #</Process><Process ToolSource="c:\program files (x86)\arcgis\desktop10.5\ArcToolbox\Toolboxes\Data Management Tools.tbx\CalculateField" Date="20210713" Time="101754">CalculateField Proses_Kaltim2020 KET_UBAH "BATB Enklave Desa Telake pada Kawasan HP Hulu Sungai Telake tanggal 29 Desember 2015" VB #</Process><Process ToolSource="c:\program files (x86)\arcgis\desktop10.5\ArcToolbox\Toolboxes\Data Management Tools.tbx\CalculateField" Date="20210713" Time="102453">CalculateField Proses_Kaltim2020 KET_UBAH "BATB Enklave Desa Swanslutung pada Kawasan HP Muara Payang tanggal 18 Desember 2015" VB #</Process><Process ToolSource="c:\program files (x86)\arcgis\desktop10.5\ArcToolbox\Toolboxes\Data Management Tools.tbx\CalculateField" Date="20210713" Time="102505">CalculateField Proses_Kaltim2020 F_2020 "1007" VB #</Process><Process ToolSource="c:\program files (x86)\arcgis\desktop10.5\ArcToolbox\Toolboxes\Data Management Tools.tbx\CalculateField" Date="20210713" Time="102529">CalculateField Proses_Kaltim2020 KET_UBAH "BATB Enklave Desa Kepala Telake pada Kawasan HP Hulu Sungai Telake tanggal 29 Desember 2015" VB #</Process><Process ToolSource="c:\program files (x86)\arcgis\desktop10.5\ArcToolbox\Toolboxes\Data Management Tools.tbx\CalculateField" Date="20210713" Time="102834">CalculateField Proses_Kaltim2020 F_2020 "1003" VB #</Process><Process ToolSource="c:\program files (x86)\arcgis\desktop10.5\ArcToolbox\Toolboxes\Data Management Tools.tbx\CalculateField" Date="20210713" Time="103541">CalculateField Proses_Kaltim2020 F_2020 "1007" VB #</Process><Process ToolSource="c:\program files (x86)\arcgis\desktop10.5\ArcToolbox\Toolboxes\Data Management Tools.tbx\CalculateField" Date="20210713" Time="103708">CalculateField Proses_Kaltim2020 F_2020 "1003" VB #</Process><Process ToolSource="c:\program files (x86)\arcgis\desktop10.5\ArcToolbox\Toolboxes\Data Management Tools.tbx\CalculateField" Date="20210713" Time="103954">CalculateField Proses_Kaltim2020 F_2020 "1001" VB #</Process><Process ToolSource="c:\program files (x86)\arcgis\desktop10.5\ArcToolbox\Toolboxes\Data Management Tools.tbx\CalculateField" Date="20210713" Time="104006">CalculateField Proses_Kaltim2020 F_2020 "1007" VB #</Process><Process ToolSource="c:\program files (x86)\arcgis\desktop10.5\ArcToolbox\Toolboxes\Data Management Tools.tbx\CalculateField" Date="20210713" Time="105729">CalculateField Proses_Kaltim2020 F_2020 "1007" VB #</Process><Process ToolSource="c:\program files (x86)\arcgis\desktop10.5\ArcToolbox\Toolboxes\Data Management Tools.tbx\CalculateField" Date="20210713" Time="112337">CalculateField Proses_Kaltim2020 F_2020 "1007" VB #</Process><Process ToolSource="c:\program files (x86)\arcgis\desktop10.5\ArcToolbox\Toolboxes\Data Management Tools.tbx\CalculateField" Date="20210713" Time="112412">CalculateField Proses_Kaltim2020 KET_UBAH "BATB HL Gunung Kujo tanggal 24 Mei 2016" VB #</Process><Process ToolSource="c:\program files (x86)\arcgis\desktop10.5\ArcToolbox\Toolboxes\Data Management Tools.tbx\CalculateField" Date="20210713" Time="113627">CalculateField Proses_Kaltim2020 KET_UBAH "BATB HL Gunung Kujo tanggal 24 Mei 2016" VB #</Process><Process ToolSource="c:\program files (x86)\arcgis\desktop10.5\ArcToolbox\Toolboxes\Data Management Tools.tbx\CalculateField" Date="20210713" Time="113704">CalculateField Proses_Kaltim2020 F_2020 "1001" VB #</Process><Process ToolSource="c:\program files (x86)\arcgis\desktop10.5\ArcToolbox\Toolboxes\Data Management Tools.tbx\CalculateField" Date="20210713" Time="121123">CalculateField Proses_Kaltim2020 KET_UBAH "BATB Enklave Desa Batu Rajang Pada Kawasan HPT Siduung tanggal 24 Mei 2016" VB #</Process><Process ToolSource="c:\program files (x86)\arcgis\desktop10.5\ArcToolbox\Toolboxes\Data Management Tools.tbx\CalculateField" Date="20210713" Time="121133">CalculateField Proses_Kaltim2020 F_2020 "1004" VB #</Process><Process ToolSource="c:\program files (x86)\arcgis\desktop10.5\ArcToolbox\Toolboxes\Data Management Tools.tbx\CalculateField" Date="20210715" Time="164401">CalculateField Proses_Kaltim2020 F_2020 "1004" VB #</Process><Process ToolSource="c:\program files (x86)\arcgis\desktop10.5\ArcToolbox\Toolboxes\Data Management Tools.tbx\CalculateField" Date="20210806" Time="113932">CalculateField Proses_Kaltim2020 KET_UBAH "BATB HP S. Siduung - S. Kelay tanggal 29 Maret 2021" VB #</Process><Process ToolSource="c:\program files (x86)\arcgis\desktop10.5\ArcToolbox\Toolboxes\Data Management Tools.tbx\CalculateField" Date="20210806" Time="114212">CalculateField Proses_Kaltim2020 KET_UBAH "BATB HP S. Siduung - S. Kelay tanggal 29 Maret 2021" VB #</Process><Process ToolSource="c:\program files (x86)\arcgis\desktop10.5\ArcToolbox\Toolboxes\Data Management Tools.tbx\CalculateField" Date="20210920" Time="172923">CalculateField Proses_Kaltim2020 KET_UBAH "" VB #</Process><Process ToolSource="c:\program files (x86)\arcgis\desktop10.5\ArcToolbox\Toolboxes\Data Management Tools.tbx\Dissolve" Date="20211201" Time="135759">Dissolve Proses_Kaltim2020 "D:\shp Perkembangan Pengukuhan sd 2020\Dissolve Kalimantan\Diss_Kaltim.shp" F_2020 # MULTI_PART DISSOLVE_LINES</Process><Process ToolSource="c:\program files (x86)\arcgis\desktop10.5\ArcToolbox\Toolboxes\Data Management Tools.tbx\CalculateField" Date="20211201" Time="135821">CalculateField Diss_Kaltim Kode_Prov 64 VB #</Process><Process ToolSource="c:\program files (x86)\arcgis\desktop10.5\ArcToolbox\Toolboxes\Data Management Tools.tbx\CalculateField" Date="20211201" Time="135858">CalculateField Diss_Kaltim Kode_Prov 64 VB #</Process><Process ToolSource="c:\program files (x86)\arcgis\desktop10.5\ArcToolbox\Toolboxes\Data Management Tools.tbx\CalculateField" Date="20211201" Time="135913">CalculateField Diss_Kaltim FKH_2020 [F_2020] VB #</Process><Process ToolSource="c:\program files (x86)\arcgis\desktop10.8\ArcToolbox\Toolboxes\Data Management Tools.tbx\Dissolve" Date="20220111" Time="094421">Dissolve SK.6628_2021 "D:\SIG\DATA\SK 6628 Tahun 2021\SK.shp" Kode_Prov;FKH_2020 # MULTI_PART DISSOLVE_LINES</Process><Process ToolSource="c:\program files (x86)\arcgis\desktop10.8\ArcToolbox\Toolboxes\Data Management Tools.tbx\CalculateField" Date="20220616" Time="111622">CalculateField SK.6628_2021 Fungsi "HL" VB #</Process><Process ToolSource="c:\program files (x86)\arcgis\desktop10.8\ArcToolbox\Toolboxes\Data Management Tools.tbx\CalculateField" Date="20220616" Time="111655">CalculateField SK.6628_2021 Fungsi "KSA/KPA" VB #</Process><Process ToolSource="c:\program files (x86)\arcgis\desktop10.8\ArcToolbox\Toolboxes\Data Management Tools.tbx\CalculateField" Date="20220616" Time="111913">CalculateField SK.6628_2021 Fungsi "HP" VB #</Process><Process ToolSource="c:\program files (x86)\arcgis\desktop10.8\ArcToolbox\Toolboxes\Data Management Tools.tbx\CalculateField" Date="20220616" Time="111943">CalculateField SK.6628_2021 Fungsi "HPT" VB #</Process><Process ToolSource="c:\program files (x86)\arcgis\desktop10.8\ArcToolbox\Toolboxes\Data Management Tools.tbx\CalculateField" Date="20220616" Time="112001">CalculateField SK.6628_2021 Fungsi "HPK" VB #</Process><Process ToolSource="c:\program files (x86)\arcgis\desktop10.8\ArcToolbox\Toolboxes\Data Management Tools.tbx\CalculateField" Date="20220616" Time="112043">CalculateField SK.6628_2021 Fungsi "APL" VB #</Process><Process ToolSource="c:\program files (x86)\arcgis\desktop10.8\ArcToolbox\Toolboxes\Data Management Tools.tbx\CalculateField" Date="20220616" Time="112104">CalculateField SK.6628_2021 Fungsi "KSA/KPA" VB #</Process><Process ToolSource="c:\program files (x86)\arcgis\desktop10.8\ArcToolbox\Toolboxes\Data Management Tools.tbx\CalculateField" Date="20220616" Time="112118">CalculateField SK.6628_2021 Fungsi "KSA/KPA" VB #</Process><Process ToolSource="c:\program files (x86)\arcgis\desktop10.8\ArcToolbox\Toolboxes\Data Management Tools.tbx\CalculateField" Date="20220616" Time="112126">CalculateField SK.6628_2021 Fungsi "KSA/KPA" VB #</Process><Process ToolSource="c:\program files (x86)\arcgis\desktop10.8\ArcToolbox\Toolboxes\Data Management Tools.tbx\CalculateField" Date="20220616" Time="112139">CalculateField SK.6628_2021 Fungsi "KSA/KPA" VB #</Process><Process ToolSource="c:\program files (x86)\arcgis\desktop10.8\ArcToolbox\Toolboxes\Data Management Tools.tbx\CalculateField" Date="20220616" Time="112146">CalculateField SK.6628_2021 Fungsi "KSA/KPA" VB #</Process><Process ToolSource="c:\program files (x86)\arcgis\desktop10.8\ArcToolbox\Toolboxes\Data Management Tools.tbx\CalculateField" Date="20220616" Time="112153">CalculateField SK.6628_2021 Fungsi "KSA/KPA" VB #</Process><Process ToolSource="c:\program files (x86)\arcgis\desktop10.8\ArcToolbox\Toolboxes\Data Management Tools.tbx\CalculateField" Date="20221022" Time="175147">CalculateField SK.6628_2021 Topo "Taman Nasional Kutai" VB #</Process></lineage><itemProps><itemLocation><linkage Sync="TRUE">file://\\ROG-2021\D$\Mobile_App\commondata\sk_6628_tahun_2021_kaltim\SK</linkage><protocol Sync="TRUE">Local Area Network</protocol></itemLocation><itemName Sync="TRUE">SK</itemName><imsContentType Sync="TRUE">002</imsContentType><itemSize Sync="TRUE">0.000</itemSize></itemProps><coordRef><type Sync="TRUE">Geographic</type><geogcsn Sync="TRUE">GCS_WGS_1984</geogcsn><csUnits Sync="TRUE">Angular Unit: Degree (0.017453)</csUnits><peXml Sync="TRUE">&lt;GeographicCoordinateSystem xsi:type='typens:GeographicCoordinateSystem' xmlns:xsi='http://www.w3.org/2001/XMLSchema-instance' xmlns:xs='http://www.w3.org/2001/XMLSchema' xmlns:typens='http://www.esri.com/schemas/ArcGIS/10.7'&gt;&lt;WKT&gt;GEOGCS[&amp;quot;GCS_WGS_1984&amp;quot;,DATUM[&amp;quot;D_WGS_1984&amp;quot;,SPHEROID[&amp;quot;WGS_1984&amp;quot;,6378137.0,298.257223563]],PRIMEM[&amp;quot;Greenwich&amp;quot;,0.0],UNIT[&amp;quot;Degree&amp;quot;,0.0174532925199433],AUTHORITY[&amp;quot;EPSG&amp;quot;,4326]]&lt;/WKT&gt;&lt;XOrigin&gt;-400&lt;/XOrigin&gt;&lt;YOrigin&gt;-400&lt;/YOrigin&gt;&lt;XYScale&gt;11258999068426.238&lt;/XYScale&gt;&lt;ZOrigin&gt;-100000&lt;/ZOrigin&gt;&lt;ZScale&gt;10000&lt;/ZScale&gt;&lt;MOrigin&gt;-100000&lt;/MOrigin&gt;&lt;MScale&gt;10000&lt;/MScale&gt;&lt;XYTolerance&gt;8.983152841195215e-09&lt;/XYTolerance&gt;&lt;ZTolerance&gt;0.001&lt;/ZTolerance&gt;&lt;MTolerance&gt;0.001&lt;/MTolerance&gt;&lt;HighPrecision&gt;true&lt;/HighPrecision&gt;&lt;LeftLongitude&gt;-180&lt;/LeftLongitude&gt;&lt;WKID&gt;4326&lt;/WKID&gt;&lt;LatestWKID&gt;4326&lt;/LatestWKID&gt;&lt;/GeographicCoordinateSystem&gt;</peXml></coordRef><copyHistory><copy source="E:\01_GIS\02_PETA_KAWASAN\SK 6628 Tahun 2021 Kaltim\SK.6628_2021" dest="\\ROG-2021\D$\Mobile_App\commondata\sk_6628_tahun_2021_kaltim\SK" date="20221109" time="11094900"></copy></copyHistory></DataProperties><SyncDate>20220111</SyncDate><SyncTime>09441500</SyncTime><ModDate>20220111</ModDate><ModTime>09441500</ModTime></Esri><dataIdInfo><envirDesc Sync="TRUE"> Version 6.2 (Build 9200) ; Esri ArcGIS 10.8.0.12790</envirDesc><dataLang><languageCode value="ind" Sync="TRUE"></languageCode><countryCode value="IDN" Sync="TRUE"></countryCode></dataLang><idCitation><resTitle Sync="TRUE">SK</resTitle><presForm><PresFormCd value="005" Sync="TRUE"></PresFormCd></presForm></idCitation><spatRpType><SpatRepTypCd value="001" Sync="TRUE"></SpatRepTypCd></spatRpType></dataIdInfo><mdLang><languageCode value="ind" Sync="TRUE"></languageCode><countryCode value="IDN" Sync="TRUE"></countryCode></mdLang><distInfo><distFormat><formatName Sync="TRUE">Shapefile</formatName></distFormat><distTranOps><transSize Sync="TRUE">0.000</transSize></distTranOps></distInfo><mdHrLv><ScopeCd value="005" Sync="TRUE"></ScopeCd></mdHrLv><mdHrLvName Sync="TRUE">dataset</mdHrLvName><refSysInfo><RefSystem><refSysID><identCode code="4326" Sync="TRUE"></identCode><idCodeSpace Sync="TRUE">EPSG</idCodeSpace><idVersion Sync="TRUE">6.14(3.0.1)</idVersion></refSysID></RefSystem></refSysInfo><spatRepInfo><VectSpatRep><geometObjs Name="SK"><geoObjTyp><GeoObjTypCd value="002" Sync="TRUE"></GeoObjTypCd></geoObjTyp><geoObjCnt Sync="TRUE">0</geoObjCnt></geometObjs><topLvl><TopoLevCd value="001" Sync="TRUE"></TopoLevCd></topLvl></VectSpatRep></spatRepInfo><spdoinfo><ptvctinf><esriterm Name="SK"><efeatyp Sync="TRUE">Simple</efeatyp><efeageom code="4" Sync="TRUE"></efeageom><esritopo Sync="TRUE">FALSE</esritopo><efeacnt Sync="TRUE">0</efeacnt><spindex Sync="TRUE">FALSE</spindex><linrefer Sync="TRUE">TRUE</linrefer></esriterm></ptvctinf></spdoinfo><eainfo><detailed Name="SK"><enttyp><enttypl Sync="TRUE">SK</enttypl><enttypt Sync="TRUE">Feature Class</enttypt><enttypc Sync="TRUE">0</enttypc></enttyp><attr><attrlabl Sync="TRUE">FID</attrlabl><attalias Sync="TRUE">FID</attalias><attrtype Sync="TRUE">OID</attrtype><attwidth Sync="TRUE">4</attwidth><atprecis Sync="TRUE">0</atprecis><attscale Sync="TRUE">0</attscale><attrdef Sync="TRUE">Internal feature number.</attrdef><attrdefs Sync="TRUE">Esri</attrdefs><attrdomv><udom Sync="TRUE">Sequential unique whole numbers that are automatically generated.</udom></attrdomv></attr><attr><attrlabl Sync="TRUE">SHAPE</attrlabl><attalias Sync="TRUE">Shape</attalias><attrtype Sync="TRUE">Geometry</attrtype><attwidth Sync="TRUE">0</attwidth><atprecis Sync="TRUE">0</atprecis><attscale Sync="TRUE">0</attscale><attrdef Sync="TRUE">Feature geometry.</attrdef><attrdefs Sync="TRUE">Esri</attrdefs><attrdomv><udom Sync="TRUE">Coordinates defining the features.</udom></attrdomv></attr><attr><attrlabl Sync="TRUE">Kode_Prov</attrlabl><attalias Sync="TRUE">Kode_Prov</attalias><attrtype Sync="TRUE">String</attrtype><attwidth Sync="TRUE">2</attwidth><atprecis Sync="TRUE">0</atprecis><attscale Sync="TRUE">0</attscale></attr><attr><attrlabl Sync="TRUE">FKH_2020</attrlabl><attalias Sync="TRUE">FKH_2020</attalias><attrtype Sync="TRUE">String</attrtype><attwidth Sync="TRUE">10</attwidth><atprecis Sync="TRUE">0</atprecis><attscale Sync="TRUE">0</attscale></attr></detailed></eainfo><mdDateSt Sync="TRUE">20220111</mdDateSt><mdChar><CharSetCd value="004" Sync="TRUE"></CharSetCd></mdChar></metadata>
