<?xml version="1.0" encoding="UTF-8"?>
<metadata xml:lang="en"><Esri><CreaDate>20221109</CreaDate><CreaTime>11095000</CreaTime><ArcGISFormat>1.0</ArcGISFormat><ArcGISstyle>XTools Pro Metadata</ArcGISstyle><SyncOnce>TRUE</SyncOnce><DataProperties><itemProps><itemLocation><linkage Sync="TRUE">file://\\ROG-2021\D$\Mobile_App\commondata\das_kutim\DAS_Final_Kaltim</linkage><protocol Sync="TRUE">Local Area Network</protocol></itemLocation></itemProps><copyHistory><copy source="E:\01_GIS\04_PETA_OVERLAY\DAS_KUTIM\DAS_Final_Kaltim" dest="\\ROG-2021\D$\Mobile_App\commondata\das_kutim\DAS_Final_Kaltim" date="20221109" time="11095000"></copy></copyHistory></DataProperties></Esri></metadata>
