<?xml version="1.0" encoding="UTF-8"?>
<metadata xml:lang="en"><Esri><CreaDate>20211126</CreaDate><CreaTime>13081700</CreaTime><ArcGISFormat>1.0</ArcGISFormat><ArcGISstyle>XTools Pro Metadata</ArcGISstyle><SyncOnce>TRUE</SyncOnce><DataProperties><lineage><Process ToolSource="c:\program files (x86)\arcgis\desktop10.2\ArcToolbox\Toolboxes\Data Management Tools.tbx\CalculateField" Date="20210926" Time="170045">CalculateField LH_DR2-2021 Luas_Ha "[Area] /10000" VB #</Process><Process ToolSource="c:\program files (x86)\arcgis\desktop10.2\ArcToolbox\Toolboxes\Data Management Tools.tbx\CalculateField" Date="20210926" Time="210920">CalculateField LH_DR2-2021 Luas_Ha "[Area] /10000" VB #</Process><Process ToolSource="c:\program files (x86)\arcgis\desktop10.2\ArcToolbox\Toolboxes\Data Management Tools.tbx\CalculateField" Date="20210927" Time="102604">CalculateField LH_DR2-2021 Luas_Ha "[Area] /10000" VB #</Process><Process ToolSource="c:\program files (x86)\arcgis\desktop10.2\ArcToolbox\Toolboxes\Data Management Tools.tbx\CalculateField" Date="20210927" Time="162838">CalculateField LH_DR2-2021 Luas_Ha "[Area] /10000" VB #</Process><Process ToolSource="c:\program files (x86)\arcgis\desktop10.2\ArcToolbox\Toolboxes\Data Management Tools.tbx\CalculateField" Date="20210930" Time="180358">CalculateField LH_DR2-2021 Luas_Ha "[Area] /10000" VB #</Process><Process ToolSource="c:\program files (x86)\arcgis\desktop10.2\ArcToolbox\Toolboxes\Data Management Tools.tbx\CalculateField" Date="20210930" Time="202518">CalculateField LH_DR2-2021 Hectares "[Area] /10000" VB #</Process><Process ToolSource="c:\program files (x86)\arcgis\desktop10.2\ArcToolbox\Toolboxes\Data Management Tools.tbx\CalculateField" Date="20210930" Time="202751">CalculateField LH_DR2-2021 Luas_Ha "[Area] /10000" VB #</Process><Process ToolSource="c:\program files (x86)\arcgis\desktop10.2\ArcToolbox\Toolboxes\Data Management Tools.tbx\CalculateField" Date="20210930" Time="203749">CalculateField LH_DR2-2021 Luas_Ha "[Area] /10000" VB #</Process><Process ToolSource="c:\program files (x86)\arcgis\desktop10.2\ArcToolbox\Toolboxes\Data Management Tools.tbx\CalculateField" Date="20211007" Time="093440">CalculateField LH_DR2-2021 Luas_Ha "[Area] /10000" VB #</Process><Process ToolSource="c:\program files (x86)\arcgis\desktop10.2\ArcToolbox\Toolboxes\Data Management Tools.tbx\CalculateField" Date="20211007" Time="093514">CalculateField LH_DR2-2021 Luas_Ha "[Area] /10000" VB #</Process><Process ToolSource="c:\program files (x86)\arcgis\desktop10.2\ArcToolbox\Toolboxes\Data Management Tools.tbx\CalculateField" Date="20211007" Time="094311">CalculateField LH_DR2-2021 Luas_Ha "[Area] /10000" VB #</Process><Process ToolSource="c:\program files (x86)\arcgis\desktop10.2\ArcToolbox\Toolboxes\Data Management Tools.tbx\CalculateField" Date="20211007" Time="094414">CalculateField LH_DR2-2021 Luas_Ha "[Area] /10000" VB #</Process><Process ToolSource="c:\program files (x86)\arcgis\desktop10.2\ArcToolbox\Toolboxes\Data Management Tools.tbx\CalculateField" Date="20211007" Time="094629">CalculateField LH_DR2-2021 Luas_Ha [Area]/10000 VB #</Process><Process ToolSource="c:\program files (x86)\arcgis\desktop10.2\ArcToolbox\Toolboxes\Data Management Tools.tbx\CalculateField" Date="20211007" Time="095011">CalculateField LH_DR2-2021 Luas_Ha "[Area] /10000" VB #</Process><Process ToolSource="c:\program files (x86)\arcgis\desktop10.2\ArcToolbox\Toolboxes\Data Management Tools.tbx\CalculateField" Date="20211007" Time="095112">CalculateField LH_DR2-2021 Luas_Ha "[Area] /10000" VB #</Process><Process ToolSource="c:\program files (x86)\arcgis\desktop10.2\ArcToolbox\Toolboxes\Data Management Tools.tbx\CalculateField" Date="20211007" Time="100858">CalculateField LH_DR2-2021 Luas_Ha "[Area] /10000" VB #</Process><Process ToolSource="c:\program files (x86)\arcgis\desktop10.2\ArcToolbox\Toolboxes\Data Management Tools.tbx\CalculateField" Date="20211007" Time="101143">CalculateField LH_DR2-2021 Luas_Ha "[Area] /10000" VB #</Process><Process ToolSource="c:\program files (x86)\arcgis\desktop10.2\ArcToolbox\Toolboxes\Data Management Tools.tbx\CalculateField" Date="20211008" Time="143442">CalculateField LH_DR2-2021 Luas_Ha [Hectares] VB #</Process><Process ToolSource="c:\program files (x86)\arcgis\desktop10.2\ArcToolbox\Toolboxes\Data Management Tools.tbx\CalculateField" Date="20211008" Time="143734">CalculateField LH_DR2-2021 Luas_Ha "[Area] /10000" VB #</Process><Process ToolSource="c:\program files (x86)\arcgis\desktop10.2\ArcToolbox\Toolboxes\Data Management Tools.tbx\CalculateField" Date="20211008" Time="145003">CalculateField LH_DR2-2021 Luas_Ha [Hectares] VB #</Process><Process ToolSource="c:\program files (x86)\arcgis\desktop10.2\ArcToolbox\Toolboxes\Data Management Tools.tbx\CalculateField" Date="20211008" Time="150054">CalculateField LH_DR2-2021 Luas_Ha "[Area] /10000" VB #</Process><Process ToolSource="c:\program files (x86)\arcgis\desktop10.2\ArcToolbox\Toolboxes\Data Management Tools.tbx\CalculateField" Date="20211008" Time="151937">CalculateField LH_DR2-2021 Luas_Ha "[Area] /10000" VB #</Process><Process ToolSource="c:\program files (x86)\arcgis\desktop10.2\ArcToolbox\Toolboxes\Data Management Tools.tbx\CalculateField" Date="20211008" Time="180853">CalculateField LH_DR2-2021 Luas_Ha [Area]/10000 VB #</Process><Process ToolSource="c:\program files (x86)\arcgis\desktop10.2\ArcToolbox\Toolboxes\Data Management Tools.tbx\CalculateField" Date="20211009" Time="214844">CalculateField LH_DR2-2021 Luas_Ha "[Area] /10000" VB #</Process><Process ToolSource="c:\program files (x86)\arcgis\desktop10.2\ArcToolbox\Toolboxes\Data Management Tools.tbx\CalculateField" Date="20211009" Time="215022">CalculateField LH_DR2-2021 Luas_Ha "[Area] / 10000" VB #</Process><Process ToolSource="c:\program files (x86)\arcgis\desktop10.2\ArcToolbox\Toolboxes\Data Management Tools.tbx\CalculateField" Date="20211009" Time="215122">CalculateField LH_DR2-2021 Luas_Ha "[Area] /10000" VB #</Process><Process ToolSource="c:\program files (x86)\arcgis\desktop10.2\ArcToolbox\Toolboxes\Data Management Tools.tbx\CalculateField" Date="20211009" Time="215315">CalculateField LH_DR2-2021 Luas_Ha "[Luas_Ha] /10" VB #</Process><Process ToolSource="c:\program files (x86)\arcgis\desktop10.2\ArcToolbox\Toolboxes\Data Management Tools.tbx\CalculateField" Date="20211009" Time="215522">CalculateField LH_DR2-2021 Luas_Ha "[Area] /10000" VB #</Process><Process ToolSource="c:\program files (x86)\arcgis\desktop10.2\ArcToolbox\Toolboxes\Data Management Tools.tbx\CalculateField" Date="20211011" Time="155403">CalculateField LH_DR2-2021 Luas_Ha "[Area] /10000" VB #</Process></lineage></DataProperties></Esri></metadata>
