<?xml version="1.0" encoding="UTF-8"?>
<metadata xml:lang="en"><Esri><CreaDate>20220817</CreaDate><CreaTime>16230600</CreaTime><ArcGISFormat>1.0</ArcGISFormat><SyncOnce>TRUE</SyncOnce><DataProperties><lineage><Process ToolSource="c:\program files (x86)\arcgis\desktop10.8\ArcToolbox\Toolboxes\Data Management Tools.tbx\CalculateField" Date="20220817" Time="162306">CalculateField 03_SP3_Bukit_Citra_Manunggal_Jaya_70-Ha Name "SP 3, Desa Citra Manunggal Jaya" VB #</Process></lineage></DataProperties></Esri></metadata>
